Reporting Date,Sale Month,Store,Artist,Title,ISRC,Quantity,Song/Album,Country of Sale,Earnings.USD
2/7/2021,2020-12,youtube,John King Cave,Country Western Bar,QZPLR2031051,1,Song,CZ,0.001554
2/7/2021,2020-12,youtube,John King Cave,Country Western Bar,QZPLR2031051,7,Song,SE,0.015623
2/7/2021,2020-12,youtube,John King Cave,Country Western Bar,QZPLR2031051,8,Song,ES,0.002972
2/7/2021,2020-12,youtube,John King Cave,Country Western Bar,QZPLR2031051,1,Song,ZA,0.001072
2/16/2021,2020-04,itunes,John King Cave,Devil Rides Beside,QZDA82018398,1,Song,US,0.69958196
9/19/2020,2020-05,amazon unlimited,John King Cave,Devil Rides Beside,QZDA82018398,1,Song,US,0.013346
9/19/2020,2020-05,amazon unlimited,John King Cave,Devil Rides Beside,QZDA82018398,1,Song,US,0.006513
6/27/2020,2020-05,applemusic,John King Cave,Devil Rides Beside,QZDA82018398,2,Song,US,0.00642995
6/27/2020,2020-05,applemusic,John King Cave,Devil Rides Beside,QZDA82018398,31,Song,US,0.14879874
6/27/2020,2020-05,applemusic,John King Cave,Devil Rides Beside,QZDA82018398,4,Song,US,0.01418788
6/26/2020,2020-05,itunes,John King Cave,Devil Rides Beside,QZDA82018398,1,Song,US,0.69999405
6/26/2020,2020-05,itunesmatch,John King Cave,Devil Rides Beside,QZDA82018398,1,Song,US,0.00047052
7/21/2020,2020-05,spotify,John King Cave,Devil Rides Beside,QZDA82018398,93,Song,US,0.50806604
7/21/2020,2020-05,spotify,John King Cave,Devil Rides Beside,QZDA82018398,21,Song,US,0.046608
7/21/2020,2020-05,spotify,John King Cave,Devil Rides Beside,QZDA82018398,26,Song,US,0.07584601
7/21/2020,2020-05,spotify,John King Cave,Devil Rides Beside,QZDA82018398,8,Song,US,0.012341
7/21/2020,2020-05,spotify,John King Cave,Devil Rides Beside,QZDA82018398,2,Song,US,0.003209
7/22/2020,2020-05,spotify,John King Cave,Devil Rides Beside,QZDA82018398,2,Song,NL,0.0113599
8/27/2020,2020-05,youtube,John King Cave,Devil Rides Beside,QZDA82018398,3,Song,US,0.022842
7/25/2020,2020-06,applemusic,John King Cave,Devil Rides Beside,QZDA82018398,5,Song,US,0.02301212
7/24/2020,2020-06,itunes,John King Cave,Devil Rides Beside,QZDA82018398,1,Song,US,0.70006464
7/24/2020,2020-06,itunesmatch,John King Cave,Devil Rides Beside,QZDA82018398,1,Song,US,0.00044682
8/25/2020,2020-06,spotify,John King Cave,Devil Rides Beside,QZDA82018398,42,Song,US,0.18905302
9/3/2020,2020-07,applemusic,John King Cave,Devil Rides Beside,QZDA82018398,2,Song,US,0.00933764
9/3/2020,2020-07,applemusic,John King Cave,Devil Rides Beside,QZDA82018398,19,Song,US,0.08870755
9/3/2020,2020-07,applemusic,John King Cave,Devil Rides Beside,QZDA82018398,1,Song,US,0.00884986
9/2/2020,2020-07,itunesmatch,John King Cave,Devil Rides Beside,QZDA82018398,3,Song,US,0.00162797
9/26/2020,2020-07,spotify,John King Cave,Devil Rides Beside,QZDA82018398,1,Song,NO,0.0067181
9/26/2020,2020-07,spotify,John King Cave,Devil Rides Beside,QZDA82018398,1,Song,NL,0.00292066
9/27/2020,2020-07,spotify,John King Cave,Devil Rides Beside,QZDA82018398,1,Song,US,0.000927
9/27/2020,2020-07,spotify,John King Cave,Devil Rides Beside,QZDA82018398,2,Song,US,0.004341
9/27/2020,2020-07,spotify,John King Cave,Devil Rides Beside,QZDA82018398,20,Song,US,0.10777301
9/27/2020,2020-07,spotify,John King Cave,Devil Rides Beside,QZDA82018398,2,Song,US,0.003512
9/27/2020,2020-07,spotify,John King Cave,Devil Rides Beside,QZDA82018398,5,Song,US,0.014215
9/27/2020,2020-07,spotify,John King Cave,Devil Rides Beside,QZDA82018398,1,Song,US,0.001964
9/28/2020,2020-08,applemusic,John King Cave,Devil Rides Beside,QZDA82018398,8,Song,US,0.04542082
10/24/2020,2020-08,spotify,John King Cave,Devil Rides Beside,QZDA82018398,2,Song,NL,0.00533072
10/24/2020,2020-08,spotify,John King Cave,Devil Rides Beside,QZDA82018398,15,Song,US,0.05679594
10/23/2020,2020-09,applemusic,John King Cave,Devil Rides Beside,QZDA82018398,4,Song,US,0.02722094
11/27/2020,2020-09,spotify,John King Cave,Devil Rides Beside,QZDA82018398,16,Song,US,0.06254895
11/8/2020,2020-09,youtube,John King Cave,Devil Rides Beside,QZDA82018398,1,Song,US,0.004057
11/28/2020,2020-10,applemusic,John King Cave,Devil Rides Beside,QZDA82018398,2,Song,US,0.01865803
12/25/2020,2020-10,spotify,John King Cave,Devil Rides Beside,QZDA82018398,6,Song,US,0.024892
12/25/2020,2020-10,spotify,John King Cave,Devil Rides Beside,QZDA82018398,1,Song,GB,0.00428601
12/26/2020,2020-11,applemusic,John King Cave,Devil Rides Beside,QZDA82018398,2,Song,US,0.01410215
1/23/2021,2020-11,spotify,John King Cave,Devil Rides Beside,QZDA82018398,11,Song,US,0.05296396
1/27/2021,2020-12,applemusic,John King Cave,Devil Rides Beside,QZDA82018398,9,Song,US,0.06051824
2/7/2021,2020-12,youtube,John King Cave,Devil Rides Beside,QZDA82018398,1,Song,SE,0.011314
2/16/2021,2020-04,itunes,John King Cave,Dukeland,QZDA82018396,1,Song,US,0.69958196
9/19/2020,2020-05,amazon unlimited,John King Cave,Dukeland,QZDA82018396,2,Song,US,0.026693
6/27/2020,2020-05,applemusic,John King Cave,Dukeland,QZDA82018396,1,Song,US,0.00321497
6/27/2020,2020-05,applemusic,John King Cave,Dukeland,QZDA82018396,38,Song,US,0.18239845
6/27/2020,2020-05,applemusic,John King Cave,Dukeland,QZDA82018396,2,Song,US,0.01682986
6/27/2020,2020-05,applemusic,John King Cave,Dukeland,QZDA82018396,7,Song,US,0.02482879
6/26/2020,2020-05,itunes,John King Cave,Dukeland,QZDA82018396,1,Song,US,0.69999405
7/21/2020,2020-05,spotify,John King Cave,Dukeland,QZDA82018396,25,Song,US,0.07292801
7/21/2020,2020-05,spotify,John King Cave,Dukeland,QZDA82018396,3,Song,US,0.004813
7/21/2020,2020-05,spotify,John King Cave,Dukeland,QZDA82018396,54,Song,US,0.29500602
7/21/2020,2020-05,spotify,John King Cave,Dukeland,QZDA82018396,11,Song,US,0.024414
7/21/2020,2020-05,spotify,John King Cave,Dukeland,QZDA82018396,2,Song,US,0.003085
7/22/2020,2020-05,spotify,John King Cave,Dukeland,QZDA82018396,1,Song,BE,0.00291592
7/22/2020,2020-05,spotify,John King Cave,Dukeland,QZDA82018396,3,Song,NL,0.01704042
7/22/2020,2020-05,spotify,John King Cave,Dukeland,QZDA82018396,4,Song,SE,0.02165947
8/27/2020,2020-05,youtube,John King Cave,Dukeland,QZDA82018396,5,Song,US,0.009232
7/25/2020,2020-06,applemusic,John King Cave,Dukeland,QZDA82018396,16,Song,US,0.0736388
7/25/2020,2020-06,applemusic,John King Cave,Dukeland,QZDA82018396,3,Song,US,0.01014694
7/24/2020,2020-06,itunesmatch,John King Cave,Dukeland,QZDA82018396,1,Song,US,0.00044682
8/25/2020,2020-06,spotify,John King Cave,Dukeland,QZDA82018396,19,Song,US,0.08098701
9/25/2020,2020-06,youtube,John King Cave,Dukeland,QZDA82018396,2,Song,US,0.001556
9/3/2020,2020-07,applemusic,John King Cave,Dukeland,QZDA82018396,1,Song,US,0.00466882
9/3/2020,2020-07,applemusic,John King Cave,Dukeland,QZDA82018396,15,Song,US,0.07003228
9/2/2020,2020-07,itunesmatch,John King Cave,Dukeland,QZDA82018396,2,Song,US,0.00108531
9/27/2020,2020-07,spotify,John King Cave,Dukeland,QZDA82018396,1,Song,US,0.001964
9/27/2020,2020-07,spotify,John King Cave,Dukeland,QZDA82018396,3,Song,US,0.016166
9/27/2020,2020-07,spotify,John King Cave,Dukeland,QZDA82018396,1,Song,US,0.00217
9/27/2020,2020-07,spotify,John King Cave,Dukeland,QZDA82018396,2,Song,US,0.005686
9/25/2020,2020-07,youtube,John King Cave,Dukeland,QZDA82018396,1,Song,US,0.006006
9/25/2020,2020-07,youtube,John King Cave,Dukeland,QZDA82018396,1,Song,BR,0.001662
12/16/2020,2020-08,amazon unlimited,John King Cave,Dukeland,QZDA82018396,1,Song,US,0.01453633
9/28/2020,2020-08,applemusic,John King Cave,Dukeland,QZDA82018396,10,Song,US,0.04644879
10/24/2020,2020-08,spotify,John King Cave,Dukeland,QZDA82018396,2,Song,NL,0.00609544
10/24/2020,2020-08,spotify,John King Cave,Dukeland,QZDA82018396,7,Song,US,0.02556397
11/8/2020,2020-08,youtube,John King Cave,Dukeland,QZDA82018396,1,Song,BR,0.0006
10/23/2020,2020-09,applemusic,John King Cave,Dukeland,QZDA82018396,9,Song,US,0.04656518
11/27/2020,2020-09,spotify,John King Cave,Dukeland,QZDA82018396,6,Song,US,0.02169098
11/8/2020,2020-09,youtube,John King Cave,Dukeland,QZDA82018396,1,Song,US,0.00353
11/28/2020,2020-10,applemusic,John King Cave,Dukeland,QZDA82018396,2,Song,US,0.00992201
12/25/2020,2020-10,spotify,John King Cave,Dukeland,QZDA82018396,4,Song,US,0.018647
12/26/2020,2020-11,applemusic,John King Cave,Dukeland,QZDA82018396,1,Song,US,0.0048834
1/23/2021,2020-11,spotify,John King Cave,Dukeland,QZDA82018396,1,Song,US,0.005578
1/27/2021,2020-12,applemusic,John King Cave,Dukeland,QZDA82018396,4,Song,US,0.02241672
2/7/2021,2020-12,youtube,John King Cave,Dukeland,QZDA82018396,2,Song,CZ,0.004129
6/27/2020,2020-05,applemusic,John King Cave,Dukeland (Aug. '18),QZES62080001,13,Song,US,0.06239947
6/27/2020,2020-05,applemusic,John King Cave,Dukeland (Aug. '18),QZES62080001,1,Song,US,0.00898192
7/21/2020,2020-05,spotify,John King Cave,Dukeland (Aug. '18),QZES62080001,10,Song,US,0.016045
7/21/2020,2020-05,spotify,John King Cave,Dukeland (Aug. '18),QZES62080001,13,Song,US,0.028852
7/21/2020,2020-05,spotify,John King Cave,Dukeland (Aug. '18),QZES62080001,10,Song,US,0.015427
7/21/2020,2020-05,spotify,John King Cave,Dukeland (Aug. '18),QZES62080001,22,Song,US,0.12018801
7/21/2020,2020-05,spotify,John King Cave,Dukeland (Aug. '18),QZES62080001,7,Song,US,0.02042
8/27/2020,2020-05,youtube,John King Cave,Dukeland (Aug. '18),QZES62080001,8,Song,US,0.125039
7/25/2020,2020-06,applemusic,John King Cave,Dukeland (Aug. '18),QZES62080001,2,Song,US,0.00920485
8/25/2020,2020-06,spotify,John King Cave,Dukeland (Aug. '18),QZES62080001,21,Song,US,0.05591201
9/3/2020,2020-07,applemusic,John King Cave,Dukeland (Aug. '18),QZES62080001,1,Song,US,0.00466882
9/27/2020,2020-07,spotify,John King Cave,Dukeland (Aug. '18),QZES62080001,5,Song,US,0.014215
9/27/2020,2020-07,spotify,John King Cave,Dukeland (Aug. '18),QZES62080001,1,Song,US,0.005389
9/27/2020,2020-07,spotify,John King Cave,Dukeland (Aug. '18),QZES62080001,1,Song,US,0.001756
9/27/2020,2020-07,spotify,John King Cave,Dukeland (Aug. '18),QZES62080001,12,Song,US,0.026046
9/25/2020,2020-07,youtube,John King Cave,Dukeland (Aug. '18),QZES62080001,1,Song,BR,0.000679
9/25/2020,2020-07,youtube red,John King Cave,Dukeland (Aug. '18),QZES62080001,1,Song,US,0.014342
10/24/2020,2020-08,spotify,John King Cave,Dukeland (Aug. '18),QZES62080001,1,Song,CA,0.00206358
10/24/2020,2020-08,spotify,John King Cave,Dukeland (Aug. '18),QZES62080001,2,Song,NL,0.00609544
10/24/2020,2020-08,spotify,John King Cave,Dukeland (Aug. '18),QZES62080001,11,Song,US,0.04025396
10/23/2020,2020-09,applemusic,John King Cave,Dukeland (Aug. '18),QZES62080001,2,Song,US,0.01361047
11/27/2020,2020-09,spotify,John King Cave,Dukeland (Aug. '18),QZES62080001,16,Song,US,0.04541996
12/25/2020,2020-10,spotify,John King Cave,Dukeland (Aug. '18),QZES62080001,14,Song,US,0.05539499
12/25/2020,2020-10,spotify,John King Cave,Dukeland (Aug. '18),QZES62080001,1,Song,GB,0.00379687
12/26/2020,2020-11,applemusic,John King Cave,Dukeland (Aug. '18),QZES62080001,1,Song,US,0.0048834
1/23/2021,2020-11,spotify,John King Cave,Dukeland (Aug. '18),QZES62080001,9,Song,US,0.02502998
2/16/2021,2020-04,itunes,John King Cave,"Fantasy, TX",QZDA82018394,1,Song,US,0.69958196
9/19/2020,2020-05,amazon unlimited,John King Cave,"Fantasy, TX",QZDA82018394,2,Song,US,0.026693
6/27/2020,2020-05,applemusic,John King Cave,"Fantasy, TX",QZDA82018394,2,Song,US,0.00642995
6/27/2020,2020-05,applemusic,John King Cave,"Fantasy, TX",QZDA82018394,48,Song,US,0.23039804
6/27/2020,2020-05,applemusic,John King Cave,"Fantasy, TX",QZDA82018394,2,Song,US,0.01682986
6/27/2020,2020-05,applemusic,John King Cave,"Fantasy, TX",QZDA82018394,1,Song,US,0.00898192
6/27/2020,2020-05,applemusic,John King Cave,"Fantasy, TX",QZDA82018394,6,Song,US,0.02128182
8/10/2020,2020-05,deezer,John King Cave,"Fantasy, TX",QZDA82018394,1,Song,BR,0.00101143
6/26/2020,2020-05,itunes,John King Cave,"Fantasy, TX",QZDA82018394,1,Song,US,0.69999405
7/21/2020,2020-05,spotify,John King Cave,"Fantasy, TX",QZDA82018394,35,Song,US,0.10210001
7/21/2020,2020-05,spotify,John King Cave,"Fantasy, TX",QZDA82018394,2,Song,US,0.003085
7/21/2020,2020-05,spotify,John King Cave,"Fantasy, TX",QZDA82018394,19,Song,US,0.042169
7/21/2020,2020-05,spotify,John King Cave,"Fantasy, TX",QZDA82018394,1,Song,US,0.001604
7/21/2020,2020-05,spotify,John King Cave,"Fantasy, TX",QZDA82018394,68,Song,US,0.37148903
7/22/2020,2020-05,spotify,John King Cave,"Fantasy, TX",QZDA82018394,2,Song,BE,0.00583183
7/22/2020,2020-05,spotify,John King Cave,"Fantasy, TX",QZDA82018394,1,Song,IE,0.00666577
7/22/2020,2020-05,spotify,John King Cave,"Fantasy, TX",QZDA82018394,8,Song,NL,0.04544075
7/22/2020,2020-05,spotify,John King Cave,"Fantasy, TX",QZDA82018394,1,Song,IE,0.00258143
8/27/2020,2020-05,youtube,John King Cave,"Fantasy, TX",QZDA82018394,3,Song,US,0.043818
7/25/2020,2020-06,applemusic,John King Cave,"Fantasy, TX",QZDA82018394,1,Song,US,0.00460242
7/25/2020,2020-06,applemusic,John King Cave,"Fantasy, TX",QZDA82018394,34,Song,US,0.15648245
7/25/2020,2020-06,applemusic,John King Cave,"Fantasy, TX",QZDA82018394,1,Song,US,0.00338231
7/24/2020,2020-06,itunesmatch,John King Cave,"Fantasy, TX",QZDA82018394,1,Song,US,0.00044682
8/25/2020,2020-06,spotify,John King Cave,"Fantasy, TX",QZDA82018394,29,Song,US,0.12535401
9/25/2020,2020-06,youtube,John King Cave,"Fantasy, TX",QZDA82018394,1,Song,KR,0.001869
9/3/2020,2020-07,applemusic,John King Cave,"Fantasy, TX",QZDA82018394,21,Song,US,0.09804519
9/3/2020,2020-07,applemusic,John King Cave,"Fantasy, TX",QZDA82018394,1,Song,US,0.00466882
9/2/2020,2020-07,itunesmatch,John King Cave,"Fantasy, TX",QZDA82018394,2,Song,US,0.00108531
9/27/2020,2020-07,spotify,John King Cave,"Fantasy, TX",QZDA82018394,1,Song,US,0.00217
9/27/2020,2020-07,spotify,John King Cave,"Fantasy, TX",QZDA82018394,1,Song,US,0.001964
9/27/2020,2020-07,spotify,John King Cave,"Fantasy, TX",QZDA82018394,1,Song,US,0.001756
9/27/2020,2020-07,spotify,John King Cave,"Fantasy, TX",QZDA82018394,9,Song,US,0.048498
9/27/2020,2020-07,spotify,John King Cave,"Fantasy, TX",QZDA82018394,8,Song,US,0.022745
9/25/2020,2020-07,youtube,John King Cave,"Fantasy, TX",QZDA82018394,1,Song,US,0.004573
9/28/2020,2020-08,applemusic,John King Cave,"Fantasy, TX",QZDA82018394,15,Song,US,0.07380409
10/24/2020,2020-08,spotify,John King Cave,"Fantasy, TX",QZDA82018394,1,Song,NL,0.00304831
10/24/2020,2020-08,spotify,John King Cave,"Fantasy, TX",QZDA82018394,9,Song,US,0.03398297
10/23/2020,2020-09,applemusic,John King Cave,"Fantasy, TX",QZDA82018394,13,Song,US,0.06120161
11/27/2020,2020-09,spotify,John King Cave,"Fantasy, TX",QZDA82018394,6,Song,US,0.02694698
11/28/2020,2020-10,applemusic,John King Cave,"Fantasy, TX",QZDA82018394,2,Song,US,0.00992201
12/25/2020,2020-10,spotify,John King Cave,"Fantasy, TX",QZDA82018394,4,Song,US,0.013272
12/26/2020,2020-11,applemusic,John King Cave,"Fantasy, TX",QZDA82018394,1,Song,US,0.0048834
1/23/2021,2020-11,spotify,John King Cave,"Fantasy, TX",QZDA82018394,3,Song,US,0.01673299
1/27/2021,2020-12,applemusic,John King Cave,"Fantasy, TX",QZDA82018394,9,Song,US,0.06178622
7/20/2020,2020-04,amazon unlimited,John King Cave,Gethsemane,QZDA72018156,1,Song,US,0.01395714
5/29/2020,2020-04,applemusic,John King Cave,Gethsemane,QZDA72018156,1,Song,ZA,0.00376732
6/2/2020,2020-04,applemusic,John King Cave,Gethsemane,QZDA72018156,36,Song,US,0.18320421
6/2/2020,2020-04,applemusic,John King Cave,Gethsemane,QZDA72018156,1,Song,US,0.00968801
6/2/2020,2020-04,applemusic,John King Cave,Gethsemane,QZDA72018156,4,Song,US,0.01555202
8/10/2020,2020-04,deezer,John King Cave,Gethsemane,QZDA72018156,1,Song,ZA,0.00192161
2/16/2021,2020-04,itunes,John King Cave,Gethsemane,QZDA72018156,2,Song,US,1.39916393
6/2/2020,2020-04,itunesmatch,John King Cave,Gethsemane,QZDA72018156,4,Song,US,0.00226221
6/19/2020,2020-04,spotify,John King Cave,Gethsemane,QZDA72018156,4,Song,GB,0.01477292
6/19/2020,2020-04,spotify,John King Cave,Gethsemane,QZDA72018156,1,Song,GB,0.0038466
6/19/2020,2020-04,spotify,John King Cave,Gethsemane,QZDA72018156,15,Song,GB,0.10292613
6/20/2020,2020-04,spotify,John King Cave,Gethsemane,QZDA72018156,5,Song,US,0.006728
6/20/2020,2020-04,spotify,John King Cave,Gethsemane,QZDA72018156,191,Song,US,1.09394805
6/20/2020,2020-04,spotify,John King Cave,Gethsemane,QZDA72018156,1,Song,IN,0.000513
6/20/2020,2020-04,spotify,John King Cave,Gethsemane,QZDA72018156,1,Song,IN,0.001487
6/20/2020,2020-04,spotify,John King Cave,Gethsemane,QZDA72018156,2,Song,US,0.011285
6/20/2020,2020-04,spotify,John King Cave,Gethsemane,QZDA72018156,1,Song,CR,0.001855
6/20/2020,2020-04,spotify,John King Cave,Gethsemane,QZDA72018156,87,Song,US,0.26312801
6/20/2020,2020-04,spotify,John King Cave,Gethsemane,QZDA72018156,2,Song,NL,0.00409008
6/20/2020,2020-04,spotify,John King Cave,Gethsemane,QZDA72018156,2,Song,NZ,0.00553344
6/20/2020,2020-04,spotify,John King Cave,Gethsemane,QZDA72018156,1,Song,SE,0.00202383
6/20/2020,2020-04,spotify,John King Cave,Gethsemane,QZDA72018156,2,Song,BR,0.00286551
6/20/2020,2020-04,spotify,John King Cave,Gethsemane,QZDA72018156,10,Song,CA,0.02169061
6/20/2020,2020-04,spotify,John King Cave,Gethsemane,QZDA72018156,1,Song,PT,0.00199034
6/20/2020,2020-04,spotify,John King Cave,Gethsemane,QZDA72018156,2,Song,SE,0.00662852
6/20/2020,2020-04,spotify,John King Cave,Gethsemane,QZDA72018156,1,Song,MX,0.0018575
6/20/2020,2020-04,spotify,John King Cave,Gethsemane,QZDA72018156,1,Song,CO,0.0020216
6/20/2020,2020-04,spotify,John King Cave,Gethsemane,QZDA72018156,4,Song,PH,0.00702481
6/20/2020,2020-04,spotify,John King Cave,Gethsemane,QZDA72018156,2,Song,CA,0.00821477
6/20/2020,2020-04,spotify,John King Cave,Gethsemane,QZDA72018156,1,Song,JP,0.00350403
6/20/2020,2020-04,spotify,John King Cave,Gethsemane,QZDA72018156,1,Song,PE,0.00166104
6/20/2020,2020-04,spotify,John King Cave,Gethsemane,QZDA72018156,7,Song,MX,0.00686183
6/20/2020,2020-04,spotify,John King Cave,Gethsemane,QZDA72018156,4,Song,ES,0.01004548
6/20/2020,2020-04,spotify,John King Cave,Gethsemane,QZDA72018156,2,Song,PT,0.00860547
6/20/2020,2020-04,spotify,John King Cave,Gethsemane,QZDA72018156,1,Song,MY,0.00266681
6/20/2020,2020-04,spotify,John King Cave,Gethsemane,QZDA72018156,1,Song,PH,0.00076354
6/20/2020,2020-04,spotify,John King Cave,Gethsemane,QZDA72018156,6,Song,DK,0.02174531
6/20/2020,2020-04,spotify,John King Cave,Gethsemane,QZDA72018156,1,Song,IE,0.00315463
6/20/2020,2020-04,spotify,John King Cave,Gethsemane,QZDA72018156,3,Song,LV,0.00470293
6/20/2020,2020-04,spotify,John King Cave,Gethsemane,QZDA72018156,6,Song,FR,0.03505705
6/20/2020,2020-04,spotify,John King Cave,Gethsemane,QZDA72018156,1,Song,AU,0.00223258
6/20/2020,2020-04,spotify,John King Cave,Gethsemane,QZDA72018156,1,Song,CH,0.00362012
6/20/2020,2020-04,spotify,John King Cave,Gethsemane,QZDA72018156,1,Song,BE,0.00616415
6/20/2020,2020-04,spotify,John King Cave,Gethsemane,QZDA72018156,4,Song,JP,0.02259034
6/20/2020,2020-04,spotify,John King Cave,Gethsemane,QZDA72018156,1,Song,CA,0.00151592
6/20/2020,2020-04,spotify,John King Cave,Gethsemane,QZDA72018156,1,Song,CL,0.00126029
6/20/2020,2020-04,spotify,John King Cave,Gethsemane,QZDA72018156,2,Song,AU,0.00861663
6/20/2020,2020-04,spotify,John King Cave,Gethsemane,QZDA72018156,1,Song,NO,0.00344822
6/20/2020,2020-04,spotify,John King Cave,Gethsemane,QZDA72018156,1,Song,IT,0.00272821
6/20/2020,2020-04,spotify,John King Cave,Gethsemane,QZDA72018156,1,Song,DE,0.00506349
6/20/2020,2020-04,spotify,John King Cave,Gethsemane,QZDA72018156,2,Song,NL,0.00544302
6/20/2020,2020-04,spotify,John King Cave,Gethsemane,QZDA72018156,1,Song,TW,0.00264895
6/20/2020,2020-04,spotify,John King Cave,Gethsemane,QZDA72018156,9,Song,DE,0.02274327
6/20/2020,2020-04,spotify,John King Cave,Gethsemane,QZDA72018156,1,Song,HU,0.00170904
6/20/2020,2020-04,spotify,John King Cave,Gethsemane,QZDA72018156,1,Song,BR,0.00123462
6/20/2020,2020-04,spotify,John King Cave,Gethsemane,QZDA72018156,1,Song,TR,0.00074568
6/20/2020,2020-04,spotify,John King Cave,Gethsemane,QZDA72018156,1,Song,CO,0.00091647
6/20/2020,2020-04,spotify,John King Cave,Gethsemane,QZDA72018156,1,Song,BR,0.00284319
6/20/2020,2020-04,spotify,John King Cave,Gethsemane,QZDA72018156,3,Song,LT,0.00542405
8/1/2020,2020-04,youtube,John King Cave,Gethsemane,QZDA72018156,1,Song,CA,0.00340084
8/1/2020,2020-04,youtube,John King Cave,Gethsemane,QZDA72018156,2,Song,US,0.00920827
9/19/2020,2020-05,amazon unlimited,John King Cave,Gethsemane,QZDA72018156,1,Song,US,0.013346
9/19/2020,2020-05,amazon unlimited,John King Cave,Gethsemane,QZDA72018156,1,Song,US,0.013346
6/27/2020,2020-05,applemusic,John King Cave,Gethsemane,QZDA72018156,1,Song,US,0.00321497
6/27/2020,2020-05,applemusic,John King Cave,Gethsemane,QZDA72018156,2,Song,US,0.00959992
6/27/2020,2020-05,applemusic,John King Cave,Gethsemane,QZDA72018156,38,Song,US,0.18239845
6/27/2020,2020-05,applemusic,John King Cave,Gethsemane,QZDA72018156,6,Song,US,0.02128182
6/27/2020,2020-05,applemusic,John King Cave,Gethsemane,QZDA72018156,1,Song,US,0.00354697
6/26/2020,2020-05,itunes,John King Cave,Gethsemane,QZDA72018156,1,Song,US,0.69999405
6/26/2020,2020-05,itunesmatch,John King Cave,Gethsemane,QZDA72018156,1,Song,US,0.00047052
7/21/2020,2020-05,spotify,John King Cave,Gethsemane,QZDA72018156,6,Song,GB,0.04127625
7/21/2020,2020-05,spotify,John King Cave,Gethsemane,QZDA72018156,4,Song,GB,0.0148274
7/21/2020,2020-05,spotify,John King Cave,Gethsemane,QZDA72018156,2,Song,US,0.003209
7/21/2020,2020-05,spotify,John King Cave,Gethsemane,QZDA72018156,20,Song,US,0.044388
7/21/2020,2020-05,spotify,John King Cave,Gethsemane,QZDA72018156,46,Song,US,0.25130202
7/21/2020,2020-05,spotify,John King Cave,Gethsemane,QZDA72018156,47,Song,US,0.25676502
7/21/2020,2020-05,spotify,John King Cave,Gethsemane,QZDA72018156,31,Song,US,0.06880201
7/21/2020,2020-05,spotify,John King Cave,Gethsemane,QZDA72018156,28,Song,US,0.08168001
7/21/2020,2020-05,spotify,John King Cave,Gethsemane,QZDA72018156,28,Song,US,0.08168001
7/21/2020,2020-05,spotify,John King Cave,Gethsemane,QZDA72018156,1,Song,US,0.001543
7/21/2020,2020-05,spotify,John King Cave,Gethsemane,QZDA72018156,3,Song,US,0.004628
7/22/2020,2020-05,spotify,John King Cave,Gethsemane,QZDA72018156,1,Song,AU,0.00451097
7/22/2020,2020-05,spotify,John King Cave,Gethsemane,QZDA72018156,2,Song,DE,0.0047442
7/22/2020,2020-05,spotify,John King Cave,Gethsemane,QZDA72018156,3,Song,JP,0.01731916
7/22/2020,2020-05,spotify,John King Cave,Gethsemane,QZDA72018156,1,Song,PH,0.00075543
7/22/2020,2020-05,spotify,John King Cave,Gethsemane,QZDA72018156,2,Song,DE,0.01005041
7/22/2020,2020-05,spotify,John King Cave,Gethsemane,QZDA72018156,1,Song,LV,0.0015723
7/22/2020,2020-05,spotify,John King Cave,Gethsemane,QZDA72018156,1,Song,DK,0.0071618
7/22/2020,2020-05,spotify,John King Cave,Gethsemane,QZDA72018156,1,Song,NZ,0.00051765
7/22/2020,2020-05,spotify,John King Cave,Gethsemane,QZDA72018156,1,Song,ZA,0.00209564
7/22/2020,2020-05,spotify,John King Cave,Gethsemane,QZDA72018156,1,Song,PH,0.00135158
7/22/2020,2020-05,spotify,John King Cave,Gethsemane,QZDA72018156,1,Song,NZ,0.005354
7/22/2020,2020-05,spotify,John King Cave,Gethsemane,QZDA72018156,1,Song,IE,0.00258143
7/22/2020,2020-05,spotify,John King Cave,Gethsemane,QZDA72018156,2,Song,CA,0.0080913
7/22/2020,2020-05,spotify,John King Cave,Gethsemane,QZDA72018156,1,Song,DE,0.00252682
7/22/2020,2020-05,spotify,John King Cave,Gethsemane,QZDA72018156,3,Song,NL,0.01704042
7/22/2020,2020-05,spotify,John King Cave,Gethsemane,QZDA72018156,5,Song,NL,0.02840033
7/22/2020,2020-05,spotify,John King Cave,Gethsemane,QZDA72018156,3,Song,PE,0.01193672
7/22/2020,2020-05,spotify,John King Cave,Gethsemane,QZDA72018156,1,Song,DE,0.00252682
7/22/2020,2020-05,spotify,John King Cave,Gethsemane,QZDA72018156,1,Song,NZ,0.00493305
7/22/2020,2020-05,spotify,John King Cave,Gethsemane,QZDA72018156,1,Song,ES,0.00549394
7/22/2020,2020-05,spotify,John King Cave,Gethsemane,QZDA72018156,1,Song,PH,0.00172361
8/27/2020,2020-05,youtube,John King Cave,Gethsemane,QZDA72018156,1,Song,US,0.014295
8/27/2020,2020-05,youtube red,John King Cave,Gethsemane,QZDA72018156,1,Song,BR,0.0003432
8/27/2020,2020-05,youtube red,John King Cave,Gethsemane,QZDA72018156,1,Song,CA,0.001784
8/27/2020,2020-05,youtube red,John King Cave,Gethsemane,QZDA72018156,1,Song,MX,0.000484
8/27/2020,2020-05,youtube red,John King Cave,Gethsemane,QZDA72018156,3,Song,US,0.0174448
7/25/2020,2020-06,applemusic,John King Cave,Gethsemane,QZDA72018156,11,Song,US,0.05062667
7/25/2020,2020-06,applemusic,John King Cave,Gethsemane,QZDA72018156,2,Song,US,0.00676462
7/24/2020,2020-06,itunesmatch,John King Cave,Gethsemane,QZDA72018156,1,Song,US,0.00044682
7/24/2020,2020-06,itunesmatch,John King Cave,Gethsemane,QZDA72018156,1,Song,US,0.00044682
8/24/2020,2020-06,spotify,John King Cave,Gethsemane,QZDA72018156,1,Song,GB,0.00296541
8/25/2020,2020-06,spotify,John King Cave,Gethsemane,QZDA72018156,75,Song,US,0.28538203
8/25/2020,2020-06,spotify,John King Cave,Gethsemane,QZDA72018156,2,Song,JP,0.00494338
8/25/2020,2020-06,spotify,John King Cave,Gethsemane,QZDA72018156,4,Song,NL,0.02080924
9/25/2020,2020-06,youtube red,John King Cave,Gethsemane,QZDA72018156,1,Song,DE,0.0043952
9/25/2020,2020-06,youtube red,John King Cave,Gethsemane,QZDA72018156,3,Song,US,0.0175888
9/3/2020,2020-07,applemusic,John King Cave,Gethsemane,QZDA72018156,1,Song,US,0.00466882
9/3/2020,2020-07,applemusic,John King Cave,Gethsemane,QZDA72018156,10,Song,US,0.04668819
9/2/2020,2020-07,itunesmatch,John King Cave,Gethsemane,QZDA72018156,2,Song,US,0.00108531
9/26/2020,2020-07,spotify,John King Cave,Gethsemane,QZDA72018156,4,Song,NL,0.0234208
9/26/2020,2020-07,spotify,John King Cave,Gethsemane,QZDA72018156,1,Song,ES,0.0024175
9/26/2020,2020-07,spotify,John King Cave,Gethsemane,QZDA72018156,1,Song,NL,0.00292066
9/26/2020,2020-07,spotify,John King Cave,Gethsemane,QZDA72018156,1,Song,NL,0.00292066
9/27/2020,2020-07,spotify,John King Cave,Gethsemane,QZDA72018156,8,Song,US,0.022745
9/27/2020,2020-07,spotify,John King Cave,Gethsemane,QZDA72018156,4,Song,US,0.007856
9/27/2020,2020-07,spotify,John King Cave,Gethsemane,QZDA72018156,19,Song,US,0.041239
9/27/2020,2020-07,spotify,John King Cave,Gethsemane,QZDA72018156,2,Song,US,0.005686
9/27/2020,2020-07,spotify,John King Cave,Gethsemane,QZDA72018156,10,Song,US,0.053887
9/27/2020,2020-07,spotify,John King Cave,Gethsemane,QZDA72018156,8,Song,US,0.043109
9/27/2020,2020-07,spotify,John King Cave,Gethsemane,QZDA72018156,12,Song,US,0.026046
9/27/2020,2020-07,spotify,John King Cave,Gethsemane,QZDA72018156,1,Song,US,0.001756
9/25/2020,2020-07,youtube,John King Cave,Gethsemane,QZDA72018156,1,Song,US,0.003029
9/25/2020,2020-07,youtube red,John King Cave,Gethsemane,QZDA72018156,1,Song,CA,0.0099456
9/25/2020,2020-07,youtube red,John King Cave,Gethsemane,QZDA72018156,1,Song,IN,0.0003344
9/25/2020,2020-07,youtube red,John King Cave,Gethsemane,QZDA72018156,1,Song,US,0.0038248
12/16/2020,2020-08,amazon unlimited,John King Cave,Gethsemane,QZDA72018156,2,Song,US,0.02907165
9/28/2020,2020-08,applemusic,John King Cave,Gethsemane,QZDA72018156,5,Song,US,0.0232244
10/24/2020,2020-08,spotify,John King Cave,Gethsemane,QZDA72018156,2,Song,MX,0.00164239
10/24/2020,2020-08,spotify,John King Cave,Gethsemane,QZDA72018156,1,Song,NL,0.00610603
10/24/2020,2020-08,spotify,John King Cave,Gethsemane,QZDA72018156,1,Song,AU,0.00466246
10/24/2020,2020-08,spotify,John King Cave,Gethsemane,QZDA72018156,48,Song,US,0.13513186
10/24/2020,2020-08,spotify,John King Cave,Gethsemane,QZDA72018156,1,Song,GB,0.00699212
11/8/2020,2020-08,youtube red,John King Cave,Gethsemane,QZDA72018156,2,Song,US,0.0154776
10/23/2020,2020-09,applemusic,John King Cave,Gethsemane,QZDA72018156,3,Song,US,0.0128845
10/23/2020,2020-09,itunesmatch,John King Cave,Gethsemane,QZDA72018156,2,Song,US,0.00117154
11/27/2020,2020-09,spotify,John King Cave,Gethsemane,QZDA72018156,6,Song,NL,0.03365472
11/27/2020,2020-09,spotify,John King Cave,Gethsemane,QZDA72018156,1,Song,MX,0.00084219
11/27/2020,2020-09,spotify,John King Cave,Gethsemane,QZDA72018156,1,Song,GB,0.00743012
11/27/2020,2020-09,spotify,John King Cave,Gethsemane,QZDA72018156,57,Song,US,0.19109483
11/8/2020,2020-09,youtube red,John King Cave,Gethsemane,QZDA72018156,1,Song,AU,0.0020304
11/8/2020,2020-09,youtube red,John King Cave,Gethsemane,QZDA72018156,1,Song,US,0.0040376
11/28/2020,2020-10,applemusic,John King Cave,Gethsemane,QZDA72018156,1,Song,US,0.00496101
12/25/2020,2020-10,spotify,John King Cave,Gethsemane,QZDA72018156,1,Song,PH,0.00066791
12/25/2020,2020-10,spotify,John King Cave,Gethsemane,QZDA72018156,3,Song,NL,0.01828847
12/25/2020,2020-10,spotify,John King Cave,Gethsemane,QZDA72018156,14,Song,US,0.050801
11/28/2020,2020-10,youtube red,John King Cave,Gethsemane,QZDA72018156,1,Song,GB,0.005036
12/26/2020,2020-11,applemusic,John King Cave,Gethsemane,QZDA72018156,3,Song,US,0.01465019
1/23/2021,2020-11,spotify,John King Cave,Gethsemane,QZDA72018156,18,Song,US,0.06286996
1/23/2021,2020-11,spotify,John King Cave,Gethsemane,QZDA72018156,3,Song,GB,0.01858267
1/9/2021,2020-11,youtube red,John King Cave,Gethsemane,QZDA72018156,1,Song,AU,0.0022584
1/9/2021,2020-11,youtube red,John King Cave,Gethsemane,QZDA72018156,2,Song,DE,0.0092096
1/27/2021,2020-12,applemusic,John King Cave,Gethsemane,QZDA72018156,4,Song,US,0.01895776
2/7/2021,2020-12,youtube,John King Cave,Goin' Out There,QZPLR2031047,1,Song,AR,0.001256
7/25/2020,2020-06,applemusic,John King Cave,Gran Torino (feat. Naomi Vang),QZHN62061966,33,Song,US,0.15188002
7/25/2020,2020-06,applemusic,John King Cave,Gran Torino (feat. Naomi Vang),QZHN62061966,3,Song,US,0.01380727
8/25/2020,2020-06,spotify,John King Cave,Gran Torino (feat. Naomi Vang),QZHN62061966,43,Song,US,0.14138802
8/25/2020,2020-06,spotify,John King Cave,Gran Torino (feat. Naomi Vang),QZHN62061966,1,Song,ID,0.00081469
8/25/2020,2020-06,spotify,John King Cave,Gran Torino (feat. Naomi Vang),QZHN62061966,1,Song,DE,0.00260983
8/25/2020,2020-06,spotify,John King Cave,Gran Torino (feat. Naomi Vang),QZHN62061966,3,Song,MX,0.00293899
9/25/2020,2020-06,youtube,John King Cave,Gran Torino (feat. Naomi Vang),QZHN62061966,2,Song,US,0.008243
9/3/2020,2020-07,applemusic,John King Cave,Gran Torino (feat. Naomi Vang),QZHN62061966,23,Song,US,0.10738283
9/2/2020,2020-07,itunes,John King Cave,Gran Torino (feat. Naomi Vang),QZHN62061966,1,Song,US,0.69967308
9/26/2020,2020-07,spotify,John King Cave,Gran Torino (feat. Naomi Vang),QZHN62061966,2,Song,FI,0.00898985
9/27/2020,2020-07,spotify,John King Cave,Gran Torino (feat. Naomi Vang),QZHN62061966,18,Song,US,0.039069
9/27/2020,2020-07,spotify,John King Cave,Gran Torino (feat. Naomi Vang),QZHN62061966,11,Song,US,0.031274
9/27/2020,2020-07,spotify,John King Cave,Gran Torino (feat. Naomi Vang),QZHN62061966,2,Song,US,0.003512
9/27/2020,2020-07,spotify,John King Cave,Gran Torino (feat. Naomi Vang),QZHN62061966,5,Song,US,0.026943
9/25/2020,2020-07,youtube,John King Cave,Gran Torino (feat. Naomi Vang),QZHN62061966,1,Song,GR,0.000732
9/28/2020,2020-08,applemusic,John King Cave,Gran Torino (feat. Naomi Vang),QZHN62061966,13,Song,US,0.06038343
10/24/2020,2020-08,spotify,John King Cave,Gran Torino (feat. Naomi Vang),QZHN62061966,1,Song,CA,0.00150474
10/24/2020,2020-08,spotify,John King Cave,Gran Torino (feat. Naomi Vang),QZHN62061966,1,Song,AU,0.00133768
10/24/2020,2020-08,spotify,John King Cave,Gran Torino (feat. Naomi Vang),QZHN62061966,41,Song,US,0.12668187
10/24/2020,2020-08,spotify,John King Cave,Gran Torino (feat. Naomi Vang),QZHN62061966,1,Song,GB,0.00699212
11/8/2020,2020-08,youtube,John King Cave,Gran Torino (feat. Naomi Vang),QZHN62061966,1,Song,UA,0.000269
10/23/2020,2020-09,itunesmatch,John King Cave,Gran Torino (feat. Naomi Vang),QZHN62061966,2,Song,US,0.00117154
11/27/2020,2020-09,spotify,John King Cave,Gran Torino (feat. Naomi Vang),QZHN62061966,20,Song,US,0.06259795
11/8/2020,2020-09,youtube,John King Cave,Gran Torino (feat. Naomi Vang),QZHN62061966,1,Song,US,0.002447
11/28/2020,2020-10,applemusic,John King Cave,Gran Torino (feat. Naomi Vang),QZHN62061966,1,Song,US,0.00496101
12/25/2020,2020-10,spotify,John King Cave,Gran Torino (feat. Naomi Vang),QZHN62061966,6,Song,US,0.021569
11/28/2020,2020-10,youtube,John King Cave,Gran Torino (feat. Naomi Vang),QZHN62061966,1,Song,US,0.019684
12/26/2020,2020-11,applemusic,John King Cave,Gran Torino (feat. Naomi Vang),QZHN62061966,2,Song,US,0.00976679
1/23/2021,2020-11,spotify,John King Cave,Gran Torino (feat. Naomi Vang),QZHN62061966,8,Song,US,0.03007198
1/27/2021,2020-12,applemusic,John King Cave,Gran Torino (feat. Naomi Vang),QZHN62061966,2,Song,US,0.01010187
2/16/2021,2020-04,itunes,John King Cave,Half Moon,QZDA82018393,1,Song,US,0.69958196
9/19/2020,2020-05,amazon unlimited,John King Cave,Half Moon,QZDA82018393,2,Song,US,0.026693
6/27/2020,2020-05,applemusic,John King Cave,Half Moon,QZDA82018393,3,Song,US,0.00964492
6/27/2020,2020-05,applemusic,John King Cave,Half Moon,QZDA82018393,53,Song,US,0.25439784
6/27/2020,2020-05,applemusic,John King Cave,Half Moon,QZDA82018393,2,Song,US,0.01682986
6/27/2020,2020-05,applemusic,John King Cave,Half Moon,QZDA82018393,2,Song,US,0.01796385
6/27/2020,2020-05,applemusic,John King Cave,Half Moon,QZDA82018393,4,Song,US,0.01418788
6/26/2020,2020-05,itunes,John King Cave,Half Moon,QZDA82018393,1,Song,US,0.69999405
6/26/2020,2020-05,itunesmatch,John King Cave,Half Moon,QZDA82018393,1,Song,US,0.00047052
10/29/2020,2020-05,kkbox,John King Cave,Half Moon,QZDA82018393,1,Song,HK,0.00573241
7/21/2020,2020-05,spotify,John King Cave,Half Moon,QZDA82018393,3,Song,GB,0.02063875
7/21/2020,2020-05,spotify,John King Cave,Half Moon,QZDA82018393,1,Song,GB,0.00654648
7/21/2020,2020-05,spotify,John King Cave,Half Moon,QZDA82018393,2,Song,GB,0.00190887
7/21/2020,2020-05,spotify,John King Cave,Half Moon,QZDA82018393,1,Song,GB,0.00269634
7/21/2020,2020-05,spotify,John King Cave,Half Moon,QZDA82018393,3,Song,GB,0.01112055
7/21/2020,2020-05,spotify,John King Cave,Half Moon,QZDA82018393,1,Song,GT,0.001187
7/21/2020,2020-05,spotify,John King Cave,Half Moon,QZDA82018393,3,Song,US,0.004813
7/21/2020,2020-05,spotify,John King Cave,Half Moon,QZDA82018393,35,Song,US,0.07767901
7/21/2020,2020-05,spotify,John King Cave,Half Moon,QZDA82018393,54,Song,US,0.15752601
7/21/2020,2020-05,spotify,John King Cave,Half Moon,QZDA82018393,9,Song,US,0.013884
7/21/2020,2020-05,spotify,John King Cave,Half Moon,QZDA82018393,94,Song,US,0.51352904
7/22/2020,2020-05,spotify,John King Cave,Half Moon,QZDA82018393,8,Song,BE,0.00266904
7/22/2020,2020-05,spotify,John King Cave,Half Moon,QZDA82018393,12,Song,DE,0.06030135
7/22/2020,2020-05,spotify,John King Cave,Half Moon,QZDA82018393,85,Song,BR,0.00914822
7/22/2020,2020-05,spotify,John King Cave,Half Moon,QZDA82018393,67,Song,ES,0.00747012
7/22/2020,2020-05,spotify,John King Cave,Half Moon,QZDA82018393,3,Song,DE,0.00711629
7/22/2020,2020-05,spotify,John King Cave,Half Moon,QZDA82018393,1,Song,FR,0.00574082
7/22/2020,2020-05,spotify,John King Cave,Half Moon,QZDA82018393,2,Song,AR,0.00367135
7/22/2020,2020-05,spotify,John King Cave,Half Moon,QZDA82018393,49,Song,BR,0.12794425
7/22/2020,2020-05,spotify,John King Cave,Half Moon,QZDA82018393,3,Song,AU,0.00702073
7/22/2020,2020-05,spotify,John King Cave,Half Moon,QZDA82018393,77,Song,BR,0.10141885
7/22/2020,2020-05,spotify,John King Cave,Half Moon,QZDA82018393,23,Song,BR,0.05048075
7/22/2020,2020-05,spotify,John King Cave,Half Moon,QZDA82018393,1,Song,BE,0.00216845
7/22/2020,2020-05,spotify,John King Cave,Half Moon,QZDA82018393,1,Song,SE,0.0054143
7/22/2020,2020-05,spotify,John King Cave,Half Moon,QZDA82018393,8,Song,NL,0.00505934
7/22/2020,2020-05,spotify,John King Cave,Half Moon,QZDA82018393,46,Song,ES,0.25270408
7/22/2020,2020-05,spotify,John King Cave,Half Moon,QZDA82018393,1,Song,CO,0.00091016
7/22/2020,2020-05,spotify,John King Cave,Half Moon,QZDA82018393,7,Song,PH,0.00945995
7/22/2020,2020-05,spotify,John King Cave,Half Moon,QZDA82018393,1,Song,AU,0.0012435
7/22/2020,2020-05,spotify,John King Cave,Half Moon,QZDA82018393,4,Song,BE,0.02445593
7/22/2020,2020-05,spotify,John King Cave,Half Moon,QZDA82018393,20,Song,CL,0.02635133
7/22/2020,2020-05,spotify,John King Cave,Half Moon,QZDA82018393,1,Song,CO,0.00015928
7/22/2020,2020-05,spotify,John King Cave,Half Moon,QZDA82018393,27,Song,FR,0.15233192
7/22/2020,2020-05,spotify,John King Cave,Half Moon,QZDA82018393,8,Song,IS,0.0350331
7/22/2020,2020-05,spotify,John King Cave,Half Moon,QZDA82018393,3,Song,SE,0.01015508
7/22/2020,2020-05,spotify,John King Cave,Half Moon,QZDA82018393,6,Song,FI,0.03881367
7/22/2020,2020-05,spotify,John King Cave,Half Moon,QZDA82018393,3,Song,NL,0.01741814
7/22/2020,2020-05,spotify,John King Cave,Half Moon,QZDA82018393,5,Song,CH,0.01823728
7/22/2020,2020-05,spotify,John King Cave,Half Moon,QZDA82018393,1,Song,MY,0.00012856
7/22/2020,2020-05,spotify,John King Cave,Half Moon,QZDA82018393,23,Song,DE,0.05811583
7/22/2020,2020-05,spotify,John King Cave,Half Moon,QZDA82018393,26,Song,FR,0.0077079
7/22/2020,2020-05,spotify,John King Cave,Half Moon,QZDA82018393,1,Song,FR,0.00236186
7/22/2020,2020-05,spotify,John King Cave,Half Moon,QZDA82018393,1,Song,ZA,0.00209564
7/22/2020,2020-05,spotify,John King Cave,Half Moon,QZDA82018393,2,Song,IT,0.01282412
7/22/2020,2020-05,spotify,John King Cave,Half Moon,QZDA82018393,1,Song,AR,0.00004209
7/22/2020,2020-05,spotify,John King Cave,Half Moon,QZDA82018393,2,Song,CA,0.00431415
7/22/2020,2020-05,spotify,John King Cave,Half Moon,QZDA82018393,7,Song,DE,0.00417421
7/22/2020,2020-05,spotify,John King Cave,Half Moon,QZDA82018393,2,Song,NL,0.00608895
7/22/2020,2020-05,spotify,John King Cave,Half Moon,QZDA82018393,2,Song,TW,0.00231635
7/22/2020,2020-05,spotify,John King Cave,Half Moon,QZDA82018393,2,Song,SG,0.00045394
7/22/2020,2020-05,spotify,John King Cave,Half Moon,QZDA82018393,1,Song,LV,0.0015723
7/22/2020,2020-05,spotify,John King Cave,Half Moon,QZDA82018393,2,Song,AT,0.00517766
7/22/2020,2020-05,spotify,John King Cave,Half Moon,QZDA82018393,10,Song,PH,0.00755317
7/22/2020,2020-05,spotify,John King Cave,Half Moon,QZDA82018393,4,Song,TW,0.00067693
7/22/2020,2020-05,spotify,John King Cave,Half Moon,QZDA82018393,1,Song,ES,0.00165535
7/22/2020,2020-05,spotify,John King Cave,Half Moon,QZDA82018393,1,Song,NO,0.0052061
7/22/2020,2020-05,spotify,John King Cave,Half Moon,QZDA82018393,8,Song,PH,0.0047806
7/22/2020,2020-05,spotify,John King Cave,Half Moon,QZDA82018393,2,Song,ID,0.00196935
7/22/2020,2020-05,spotify,John King Cave,Half Moon,QZDA82018393,1,Song,AR,0.00027987
7/22/2020,2020-05,spotify,John King Cave,Half Moon,QZDA82018393,20,Song,BR,0.0228916
7/22/2020,2020-05,spotify,John King Cave,Half Moon,QZDA82018393,4,Song,CL,0.00500473
7/22/2020,2020-05,spotify,John King Cave,Half Moon,QZDA82018393,13,Song,IT,0.00216731
7/22/2020,2020-05,spotify,John King Cave,Half Moon,QZDA82018393,12,Song,CL,0.03647684
7/22/2020,2020-05,spotify,John King Cave,Half Moon,QZDA82018393,1,Song,PE,0.00166331
7/22/2020,2020-05,spotify,John King Cave,Half Moon,QZDA82018393,1,Song,DK,0.00353141
7/22/2020,2020-05,spotify,John King Cave,Half Moon,QZDA82018393,19,Song,FR,0.05515099
7/22/2020,2020-05,spotify,John King Cave,Half Moon,QZDA82018393,20,Song,CL,0.00068034
7/22/2020,2020-05,spotify,John King Cave,Half Moon,QZDA82018393,3,Song,CA,0.00200348
7/22/2020,2020-05,spotify,John King Cave,Half Moon,QZDA82018393,3,Song,NZ,0.0148003
7/22/2020,2020-05,spotify,John King Cave,Half Moon,QZDA82018393,3,Song,IL,0.0134271
7/22/2020,2020-05,spotify,John King Cave,Half Moon,QZDA82018393,14,Song,IT,0.04302314
7/22/2020,2020-05,spotify,John King Cave,Half Moon,QZDA82018393,1,Song,AT,0.00512988
7/22/2020,2020-05,spotify,John King Cave,Half Moon,QZDA82018393,2,Song,PL,0.00016838
7/22/2020,2020-05,spotify,John King Cave,Half Moon,QZDA82018393,1,Song,SE,0.00562591
7/22/2020,2020-05,spotify,John King Cave,Half Moon,QZDA82018393,1,Song,DK,0.00297735
7/22/2020,2020-05,spotify,John King Cave,Half Moon,QZDA82018393,6,Song,CH,0.04385025
7/22/2020,2020-05,spotify,John King Cave,Half Moon,QZDA82018393,15,Song,PH,0.00100914
7/22/2020,2020-05,spotify,John King Cave,Half Moon,QZDA82018393,1,Song,FR,0.00174636
7/22/2020,2020-05,spotify,John King Cave,Half Moon,QZDA82018393,12,Song,TW,0.03253927
7/22/2020,2020-05,spotify,John King Cave,Half Moon,QZDA82018393,47,Song,ES,0.11346023
7/22/2020,2020-05,spotify,John King Cave,Half Moon,QZDA82018393,15,Song,CL,0.03563039
7/22/2020,2020-05,spotify,John King Cave,Half Moon,QZDA82018393,1,Song,BR,0.00031628
7/22/2020,2020-05,spotify,John King Cave,Half Moon,QZDA82018393,3,Song,CA,0.01213809
7/22/2020,2020-05,spotify,John King Cave,Half Moon,QZDA82018393,10,Song,ES,0.04907569
7/22/2020,2020-05,spotify,John King Cave,Half Moon,QZDA82018393,23,Song,BE,0.06706268
7/22/2020,2020-05,spotify,John King Cave,Half Moon,QZDA82018393,2,Song,ES,0.0099776
7/22/2020,2020-05,spotify,John King Cave,Half Moon,QZDA82018393,6,Song,SK,0.00879553
7/22/2020,2020-05,spotify,John King Cave,Half Moon,QZDA82018393,1,Song,CL,0.00217983
7/22/2020,2020-05,spotify,John King Cave,Half Moon,QZDA82018393,1,Song,NO,0.0034586
7/22/2020,2020-05,spotify,John King Cave,Half Moon,QZDA82018393,12,Song,NL,0.03336979
7/22/2020,2020-05,spotify,John King Cave,Half Moon,QZDA82018393,3,Song,ES,0.00644505
7/22/2020,2020-05,spotify,John King Cave,Half Moon,QZDA82018393,1,Song,FR,0.00475671
7/22/2020,2020-05,spotify,John King Cave,Half Moon,QZDA82018393,19,Song,NL,0.10792078
7/22/2020,2020-05,spotify,John King Cave,Half Moon,QZDA82018393,8,Song,PH,0.01378433
7/22/2020,2020-05,spotify,John King Cave,Half Moon,QZDA82018393,2,Song,PT,0.00819483
7/22/2020,2020-05,spotify,John King Cave,Half Moon,QZDA82018393,1,Song,NO,0.00610033
7/22/2020,2020-05,spotify,John King Cave,Half Moon,QZDA82018393,1,Song,BR,0.0003652
7/22/2020,2020-05,spotify,John King Cave,Half Moon,QZDA82018393,4,Song,AU,0.01804273
7/22/2020,2020-05,spotify,John King Cave,Half Moon,QZDA82018393,1,Song,IE,0.00666577
7/22/2020,2020-05,spotify,John King Cave,Half Moon,QZDA82018393,2,Song,MX,0.0019466
7/22/2020,2020-05,spotify,John King Cave,Half Moon,QZDA82018393,1,Song,CY,0.00000114
7/22/2020,2020-05,spotify,John King Cave,Half Moon,QZDA82018393,1,Song,PE,0.00314118
8/27/2020,2020-05,youtube,John King Cave,Half Moon,QZDA82018393,5,Song,US,0.015181
11/26/2020,2020-06,amazon unlimited,John King Cave,Half Moon,QZDA82018393,2,Song,GB,0.02621313
7/25/2020,2020-06,applemusic,John King Cave,Half Moon,QZDA82018393,1,Song,US,0.00460242
7/25/2020,2020-06,applemusic,John King Cave,Half Moon,QZDA82018393,40,Song,US,0.184097
7/25/2020,2020-06,applemusic,John King Cave,Half Moon,QZDA82018393,1,Song,US,0.00338231
7/24/2020,2020-06,itunesmatch,John King Cave,Half Moon,QZDA82018393,1,Song,US,0.00044682
8/24/2020,2020-06,spotify,John King Cave,Half Moon,QZDA82018393,13,Song,GB,0.05771306
8/25/2020,2020-06,spotify,John King Cave,Half Moon,QZDA82018393,85,Song,US,0.30526303
8/25/2020,2020-06,spotify,John King Cave,Half Moon,QZDA82018393,1,Song,EC,0.000074
8/25/2020,2020-06,spotify,John King Cave,Half Moon,QZDA82018393,1,Song,IN,0.000057
8/25/2020,2020-06,spotify,John King Cave,Half Moon,QZDA82018393,2,Song,BH,0.000042
8/25/2020,2020-06,spotify,John King Cave,Half Moon,QZDA82018393,230,Song,BR,0.27953343
8/25/2020,2020-06,spotify,John King Cave,Half Moon,QZDA82018393,1,Song,NO,0.00369137
8/25/2020,2020-06,spotify,John King Cave,Half Moon,QZDA82018393,21,Song,CA,0.03881468
8/25/2020,2020-06,spotify,John King Cave,Half Moon,QZDA82018393,11,Song,NZ,0.04941034
8/25/2020,2020-06,spotify,John King Cave,Half Moon,QZDA82018393,76,Song,FR,0.19478817
8/25/2020,2020-06,spotify,John King Cave,Half Moon,QZDA82018393,11,Song,SK,0.02536938
8/25/2020,2020-06,spotify,John King Cave,Half Moon,QZDA82018393,8,Song,SG,0.01680163
8/25/2020,2020-06,spotify,John King Cave,Half Moon,QZDA82018393,104,Song,ES,0.21501667
8/25/2020,2020-06,spotify,John King Cave,Half Moon,QZDA82018393,1,Song,JP,0.0024711
8/25/2020,2020-06,spotify,John King Cave,Half Moon,QZDA82018393,6,Song,ID,0.00440966
8/25/2020,2020-06,spotify,John King Cave,Half Moon,QZDA82018393,2,Song,HK,0.01015128
8/25/2020,2020-06,spotify,John King Cave,Half Moon,QZDA82018393,1,Song,CZ,0.00375721
8/25/2020,2020-06,spotify,John King Cave,Half Moon,QZDA82018393,6,Song,FI,0.03943775
8/25/2020,2020-06,spotify,John King Cave,Half Moon,QZDA82018393,9,Song,MX,0.01151615
8/25/2020,2020-06,spotify,John King Cave,Half Moon,QZDA82018393,2,Song,AU,0.0039312
8/25/2020,2020-06,spotify,John King Cave,Half Moon,QZDA82018393,3,Song,CH,0.01506292
8/25/2020,2020-06,spotify,John King Cave,Half Moon,QZDA82018393,31,Song,BE,0.09292741
8/25/2020,2020-06,spotify,John King Cave,Half Moon,QZDA82018393,20,Song,TW,0.0491905
8/25/2020,2020-06,spotify,John King Cave,Half Moon,QZDA82018393,1,Song,ZA,0.0022642
8/25/2020,2020-06,spotify,John King Cave,Half Moon,QZDA82018393,47,Song,PH,0.02838126
8/25/2020,2020-06,spotify,John King Cave,Half Moon,QZDA82018393,5,Song,LV,0.01275052
8/25/2020,2020-06,spotify,John King Cave,Half Moon,QZDA82018393,14,Song,IT,0.037364
8/25/2020,2020-06,spotify,John King Cave,Half Moon,QZDA82018393,2,Song,AR,0.00106744
8/25/2020,2020-06,spotify,John King Cave,Half Moon,QZDA82018393,1,Song,DK,0.00051844
8/25/2020,2020-06,spotify,John King Cave,Half Moon,QZDA82018393,2,Song,RO,0.00029155
8/25/2020,2020-06,spotify,John King Cave,Half Moon,QZDA82018393,28,Song,NL,0.11827445
8/25/2020,2020-06,spotify,John King Cave,Half Moon,QZDA82018393,36,Song,CL,0.05291126
8/25/2020,2020-06,spotify,John King Cave,Half Moon,QZDA82018393,5,Song,PL,0.00095576
8/25/2020,2020-06,spotify,John King Cave,Half Moon,QZDA82018393,2,Song,CO,0.00170109
8/25/2020,2020-06,spotify,John King Cave,Half Moon,QZDA82018393,52,Song,DE,0.16482574
8/25/2020,2020-06,spotify,John King Cave,Half Moon,QZDA82018393,5,Song,IS,0.02242216
8/25/2020,2020-06,spotify,John King Cave,Half Moon,QZDA82018393,1,Song,PT,0.00012226
8/25/2020,2020-06,spotify,John King Cave,Half Moon,QZDA82018393,1,Song,PE,0.00165642
8/25/2020,2020-06,spotify,John King Cave,Half Moon,QZDA82018393,1,Song,TH,0.001031
9/25/2020,2020-06,youtube,John King Cave,Half Moon,QZDA82018393,1,Song,GB,0.004488
9/25/2020,2020-06,youtube,John King Cave,Half Moon,QZDA82018393,1,Song,BR,0.001025
9/3/2020,2020-07,applemusic,John King Cave,Half Moon,QZDA82018393,2,Song,US,0.00933764
9/3/2020,2020-07,applemusic,John King Cave,Half Moon,QZDA82018393,21,Song,US,0.09804519
9/3/2020,2020-07,applemusic,John King Cave,Half Moon,QZDA82018393,27,Song,UA,0.05945322
9/3/2020,2020-07,applemusic,John King Cave,Half Moon,QZDA82018393,1,Song,UA,0.00165223
9/2/2020,2020-07,itunesmatch,John King Cave,Half Moon,QZDA82018393,2,Song,US,0.00108531
9/26/2020,2020-07,spotify,John King Cave,Half Moon,QZDA82018393,3,Song,CA,0.00291025
9/26/2020,2020-07,spotify,John King Cave,Half Moon,QZDA82018393,2,Song,TW,0.00542954
9/26/2020,2020-07,spotify,John King Cave,Half Moon,QZDA82018393,3,Song,DE,0.00768741
9/26/2020,2020-07,spotify,John King Cave,Half Moon,QZDA82018393,2,Song,BR,0.00142158
9/26/2020,2020-07,spotify,John King Cave,Half Moon,QZDA82018393,22,Song,FR,0.0094988
9/26/2020,2020-07,spotify,John King Cave,Half Moon,QZDA82018393,2,Song,NO,0.01343504
9/26/2020,2020-07,spotify,John King Cave,Half Moon,QZDA82018393,6,Song,PH,0.00358576
9/26/2020,2020-07,spotify,John King Cave,Half Moon,QZDA82018393,1,Song,DE,0.00412362
9/26/2020,2020-07,spotify,John King Cave,Half Moon,QZDA82018393,1,Song,AE,0.00366904
9/26/2020,2020-07,spotify,John King Cave,Half Moon,QZDA82018393,4,Song,BR,0.00436306
9/26/2020,2020-07,spotify,John King Cave,Half Moon,QZDA82018393,5,Song,ES,0.01208748
9/26/2020,2020-07,spotify,John King Cave,Half Moon,QZDA82018393,3,Song,DE,0.00695175
9/26/2020,2020-07,spotify,John King Cave,Half Moon,QZDA82018393,1,Song,ES,0.00320983
9/26/2020,2020-07,spotify,John King Cave,Half Moon,QZDA82018393,1,Song,BE,0.00609117
9/26/2020,2020-07,spotify,John King Cave,Half Moon,QZDA82018393,1,Song,MY,0.00224978
9/26/2020,2020-07,spotify,John King Cave,Half Moon,QZDA82018393,1,Song,NL,0.00609117
9/26/2020,2020-07,spotify,John King Cave,Half Moon,QZDA82018393,2,Song,ES,0.01029229
9/26/2020,2020-07,spotify,John King Cave,Half Moon,QZDA82018393,4,Song,CL,0.0001735
9/26/2020,2020-07,spotify,John King Cave,Half Moon,QZDA82018393,2,Song,NO,0.00764114
9/26/2020,2020-07,spotify,John King Cave,Half Moon,QZDA82018393,1,Song,ID,0.00003586
9/26/2020,2020-07,spotify,John King Cave,Half Moon,QZDA82018393,21,Song,BR,0.00298544
9/26/2020,2020-07,spotify,John King Cave,Half Moon,QZDA82018393,13,Song,ES,0.00297618
9/26/2020,2020-07,spotify,John King Cave,Half Moon,QZDA82018393,3,Song,FR,0.01618219
9/26/2020,2020-07,spotify,John King Cave,Half Moon,QZDA82018393,14,Song,BR,0.01729031
9/26/2020,2020-07,spotify,John King Cave,Half Moon,QZDA82018393,1,Song,CL,0.00202769
9/26/2020,2020-07,spotify,John King Cave,Half Moon,QZDA82018393,1,Song,PT,0.00019086
9/26/2020,2020-07,spotify,John King Cave,Half Moon,QZDA82018393,2,Song,DE,0.01006789
9/26/2020,2020-07,spotify,John King Cave,Half Moon,QZDA82018393,2,Song,IT,0.00612702
9/26/2020,2020-07,spotify,John King Cave,Half Moon,QZDA82018393,2,Song,CL,0.00523984
9/26/2020,2020-07,spotify,John King Cave,Half Moon,QZDA82018393,2,Song,BE,0.0098273
9/26/2020,2020-07,spotify,John King Cave,Half Moon,QZDA82018393,1,Song,AU,0.00475518
9/26/2020,2020-07,spotify,John King Cave,Half Moon,QZDA82018393,1,Song,SG,0.00386684
9/26/2020,2020-07,spotify,John King Cave,Half Moon,QZDA82018393,2,Song,NZ,0.01011416
9/26/2020,2020-07,spotify,John King Cave,Half Moon,QZDA82018393,10,Song,FR,0.02830785
9/26/2020,2020-07,spotify,John King Cave,Half Moon,QZDA82018393,1,Song,MX,0.0008629
9/26/2020,2020-07,spotify,John King Cave,Half Moon,QZDA82018393,1,Song,PL,0.00117867
9/26/2020,2020-07,spotify,John King Cave,Half Moon,QZDA82018393,2,Song,PL,0.00009485
9/26/2020,2020-07,spotify,John King Cave,Half Moon,QZDA82018393,1,Song,TW,0.00016309
9/26/2020,2020-07,spotify,John King Cave,Half Moon,QZDA82018393,2,Song,SK,0.0071426
9/26/2020,2020-07,spotify,John King Cave,Half Moon,QZDA82018393,2,Song,SG,0.00368871
9/26/2020,2020-07,spotify,John King Cave,Half Moon,QZDA82018393,1,Song,CA,0.00208784
9/26/2020,2020-07,spotify,John King Cave,Half Moon,QZDA82018393,4,Song,NL,0.01168148
9/26/2020,2020-07,spotify,John King Cave,Half Moon,QZDA82018393,4,Song,DE,0.00298775
9/26/2020,2020-07,spotify,John King Cave,Half Moon,QZDA82018393,7,Song,BR,0.01723363
9/26/2020,2020-07,spotify,John King Cave,Half Moon,QZDA82018393,3,Song,BE,0.00181833
9/26/2020,2020-07,spotify,John King Cave,Half Moon,QZDA82018393,1,Song,PH,0.00069517
9/26/2020,2020-07,spotify,John King Cave,Half Moon,QZDA82018393,1,Song,NL,0.0058552
9/26/2020,2020-07,spotify,John King Cave,Half Moon,QZDA82018393,3,Song,PH,0.00472048
9/26/2020,2020-07,spotify,John King Cave,Half Moon,QZDA82018393,1,Song,CL,0.00033776
9/26/2020,2020-07,spotify,John King Cave,Half Moon,QZDA82018393,6,Song,BE,0.01850021
9/26/2020,2020-07,spotify,John King Cave,Half Moon,QZDA82018393,2,Song,PH,0.00021399
9/26/2020,2020-07,spotify,John King Cave,Half Moon,QZDA82018393,1,Song,BR,0.00134524
9/26/2020,2020-07,spotify,John King Cave,Half Moon,QZDA82018393,1,Song,SG,0.00039559
9/27/2020,2020-07,spotify,John King Cave,Half Moon,QZDA82018393,5,Song,US,0.010852
9/27/2020,2020-07,spotify,John King Cave,Half Moon,QZDA82018393,21,Song,US,0.11316201
9/27/2020,2020-07,spotify,John King Cave,Half Moon,QZDA82018393,1,Song,US,0.001756
9/27/2020,2020-07,spotify,John King Cave,Half Moon,QZDA82018393,23,Song,US,0.06539101
9/27/2020,2020-07,spotify,John King Cave,Half Moon,QZDA82018393,4,Song,US,0.007856
9/27/2020,2020-07,spotify,John King Cave,Half Moon,QZDA82018393,1,Song,GB,0.00371972
9/27/2020,2020-07,spotify,John King Cave,Half Moon,QZDA82018393,1,Song,GB,0.00134419
12/16/2020,2020-08,amazon unlimited,John King Cave,Half Moon,QZDA82018393,1,Song,US,0.01453633
9/28/2020,2020-08,applemusic,John King Cave,Half Moon,QZDA82018393,19,Song,US,0.0965145
9/28/2020,2020-08,applemusic,John King Cave,Half Moon,QZDA82018393,2,Song,UA,0.00439589
10/24/2020,2020-08,spotify,John King Cave,Half Moon,QZDA82018393,1,Song,NO,0.00674134
10/24/2020,2020-08,spotify,John King Cave,Half Moon,QZDA82018393,2,Song,FR,0.00074472
10/24/2020,2020-08,spotify,John King Cave,Half Moon,QZDA82018393,3,Song,AU,0.01168734
10/24/2020,2020-08,spotify,John King Cave,Half Moon,QZDA82018393,1,Song,CA,0.00206358
10/24/2020,2020-08,spotify,John King Cave,Half Moon,QZDA82018393,1,Song,ID,0.00081414
10/24/2020,2020-08,spotify,John King Cave,Half Moon,QZDA82018393,1,Song,CH,0.0037695
10/24/2020,2020-08,spotify,John King Cave,Half Moon,QZDA82018393,4,Song,BR,0.00253888
10/24/2020,2020-08,spotify,John King Cave,Half Moon,QZDA82018393,2,Song,NL,0.00609544
10/24/2020,2020-08,spotify,John King Cave,Half Moon,QZDA82018393,1,Song,HU,0.00172475
10/24/2020,2020-08,spotify,John King Cave,Half Moon,QZDA82018393,15,Song,US,0.05833194
10/24/2020,2020-08,spotify,John King Cave,Half Moon,QZDA82018393,1,Song,UA,0.001864
10/24/2020,2020-08,spotify,John King Cave,Half Moon,QZDA82018393,2,Song,GB,0.01063934
10/23/2020,2020-09,applemusic,John King Cave,Half Moon,QZDA82018393,16,Song,US,0.07532505
10/23/2020,2020-09,applemusic,John King Cave,Half Moon,QZDA82018393,4,Song,UA,0.00885565
11/27/2020,2020-09,spotify,John King Cave,Half Moon,QZDA82018393,6,Song,BR,0.00202221
11/27/2020,2020-09,spotify,John King Cave,Half Moon,QZDA82018393,1,Song,CL,0.00184976
11/27/2020,2020-09,spotify,John King Cave,Half Moon,QZDA82018393,1,Song,DE,0.00384953
11/27/2020,2020-09,spotify,John King Cave,Half Moon,QZDA82018393,1,Song,SE,0.00607373
11/27/2020,2020-09,spotify,John King Cave,Half Moon,QZDA82018393,2,Song,ES,0.00903853
11/27/2020,2020-09,spotify,John King Cave,Half Moon,QZDA82018393,1,Song,BE,0.00323412
11/27/2020,2020-09,spotify,John King Cave,Half Moon,QZDA82018393,2,Song,RU,0.0001193
11/27/2020,2020-09,spotify,John King Cave,Half Moon,QZDA82018393,1,Song,NL,0.00295772
11/27/2020,2020-09,spotify,John King Cave,Half Moon,QZDA82018393,1,Song,FR,0.0005528
11/27/2020,2020-09,spotify,John King Cave,Half Moon,QZDA82018393,5,Song,GB,0.02370733
11/27/2020,2020-09,spotify,John King Cave,Half Moon,QZDA82018393,18,Song,US,0.07166794
11/8/2020,2020-09,youtube,John King Cave,Half Moon,QZDA82018393,1,Song,FR,0.00211
11/28/2020,2020-10,applemusic,John King Cave,Half Moon,QZDA82018393,3,Song,US,0.01925103
11/28/2020,2020-10,applemusic,John King Cave,Half Moon,QZDA82018393,3,Song,UA,0.00708001
12/25/2020,2020-10,spotify,John King Cave,Half Moon,QZDA82018393,1,Song,FR,0.000558
12/25/2020,2020-10,spotify,John King Cave,Half Moon,QZDA82018393,2,Song,RU,0.00070052
12/25/2020,2020-10,spotify,John King Cave,Half Moon,QZDA82018393,1,Song,AR,0.00145298
12/25/2020,2020-10,spotify,John King Cave,Half Moon,QZDA82018393,2,Song,NL,0.00210519
12/25/2020,2020-10,spotify,John King Cave,Half Moon,QZDA82018393,4,Song,BR,0.00161966
12/25/2020,2020-10,spotify,John King Cave,Half Moon,QZDA82018393,1,Song,ES,0.00253154
12/25/2020,2020-10,spotify,John King Cave,Half Moon,QZDA82018393,2,Song,BE,0.00652211
12/25/2020,2020-10,spotify,John King Cave,Half Moon,QZDA82018393,21,Song,US,0.06588299
12/25/2020,2020-10,spotify,John King Cave,Half Moon,QZDA82018393,4,Song,GB,0.01518614
11/28/2020,2020-10,youtube,John King Cave,Half Moon,QZDA82018393,1,Song,US,0.000917
12/26/2020,2020-11,applemusic,John King Cave,Half Moon,QZDA82018393,3,Song,US,0.0233209
12/26/2020,2020-11,applemusic,John King Cave,Half Moon,QZDA82018393,2,Song,UA,0.0048804
2/1/2021,2020-11,google play all access,John King Cave,Half Moon,QZDA82018393,1,Song,US,0.00001752
1/23/2021,2020-11,spotify,John King Cave,Half Moon,QZDA82018393,1,Song,RU,0.00015402
1/23/2021,2020-11,spotify,John King Cave,Half Moon,QZDA82018393,2,Song,BR,0.00137176
1/23/2021,2020-11,spotify,John King Cave,Half Moon,QZDA82018393,1,Song,BE,0.00324891
1/23/2021,2020-11,spotify,John King Cave,Half Moon,QZDA82018393,1,Song,FR,0.00057999
1/23/2021,2020-11,spotify,John King Cave,Half Moon,QZDA82018393,1,Song,NL,0.00596596
1/23/2021,2020-11,spotify,John King Cave,Half Moon,QZDA82018393,1,Song,FI,0.00695627
1/23/2021,2020-11,spotify,John King Cave,Half Moon,QZDA82018393,19,Song,US,0.06618795
1/23/2021,2020-11,spotify,John King Cave,Half Moon,QZDA82018393,1,Song,GB,0.00249171
1/9/2021,2020-11,youtube,John King Cave,Half Moon,QZDA82018393,1,Song,US,0.001827
1/27/2021,2020-12,applemusic,John King Cave,Half Moon,QZDA82018393,9,Song,US,0.0476714
2/7/2021,2020-12,youtube,John King Cave,"Honey, Don't Cast Your Anchor",QZPLR2031050,1,Song,ES,0.001965
12/7/2020,2020-07,amazon unlimited,John King Cave,I Love America,QZHN92091235,1,Song,US,0.01447435
9/2/2020,2020-07,applemusic,John King Cave,I Love America,QZHN92091235,1,Song,AU,0.00522196
9/2/2020,2020-07,applemusic,John King Cave,I Love America,QZHN92091235,1,Song,BE,0.0065203
9/3/2020,2020-07,applemusic,John King Cave,I Love America,QZHN92091235,11,Song,US,0.051357
9/26/2020,2020-07,spotify,John King Cave,I Love America,QZHN92091235,1,Song,BR,0.00123535
9/26/2020,2020-07,spotify,John King Cave,I Love America,QZHN92091235,2,Song,NL,0.0117104
9/27/2020,2020-07,spotify,John King Cave,I Love America,QZHN92091235,1,Song,IN,0.00003
9/27/2020,2020-07,spotify,John King Cave,I Love America,QZHN92091235,6,Song,US,0.017058
9/27/2020,2020-07,spotify,John King Cave,I Love America,QZHN92091235,1,Song,US,0.001964
9/27/2020,2020-07,spotify,John King Cave,I Love America,QZHN92091235,12,Song,US,0.06466401
9/27/2020,2020-07,spotify,John King Cave,I Love America,QZHN92091235,5,Song,US,0.010852
9/27/2020,2020-07,spotify,John King Cave,I Love America,QZHN92091235,1,Song,SV,0.001349
9/25/2020,2020-07,youtube,John King Cave,I Love America,QZHN92091235,2,Song,US,0.086691
12/16/2020,2020-08,amazon unlimited,John King Cave,I Love America,QZHN92091235,1,Song,US,0.01871159
10/24/2020,2020-08,spotify,John King Cave,I Love America,QZHN92091235,1,Song,AU,0.00466246
10/24/2020,2020-08,spotify,John King Cave,I Love America,QZHN92091235,11,Song,US,0.05040695
11/8/2020,2020-08,youtube,John King Cave,I Love America,QZHN92091235,1,Song,CA,0.004158
11/8/2020,2020-08,youtube,John King Cave,I Love America,QZHN92091235,1,Song,BR,0.000291
11/8/2020,2020-08,youtube,John King Cave,I Love America,QZHN92091235,2,Song,FR,0.001402
2/10/2021,2020-09,amazon unlimited,John King Cave,I Love America,QZHN92091235,1,Song,US,0.00328255
10/23/2020,2020-09,applemusic,John King Cave,I Love America,QZHN92091235,2,Song,US,0.01361047
11/27/2020,2020-09,spotify,John King Cave,I Love America,QZHN92091235,11,Song,US,0.04645196
12/25/2020,2020-10,spotify,John King Cave,I Love America,QZHN92091235,5,Song,US,0.021641
1/23/2021,2020-11,spotify,John King Cave,I Love America,QZHN92091235,2,Song,US,0.006102
1/9/2021,2020-11,youtube,John King Cave,I Love America,QZHN92091235,1,Song,US,0.00339
1/27/2021,2020-12,applemusic,John King Cave,I Love America,QZHN92091235,3,Song,US,0.01985775
2/16/2021,2020-04,itunes,John King Cave,In Harlem,QZDA82018399,1,Song,US,0.69958196
9/19/2020,2020-05,amazon unlimited,John King Cave,In Harlem,QZDA82018399,2,Song,US,0.026693
6/27/2020,2020-05,applemusic,John King Cave,In Harlem,QZDA82018399,1,Song,US,0.00321497
6/27/2020,2020-05,applemusic,John King Cave,In Harlem,QZDA82018399,28,Song,US,0.13439886
6/27/2020,2020-05,applemusic,John King Cave,In Harlem,QZDA82018399,2,Song,US,0.00709394
6/26/2020,2020-05,itunes,John King Cave,In Harlem,QZDA82018399,1,Song,US,0.69999405
6/26/2020,2020-05,itunesmatch,John King Cave,In Harlem,QZDA82018399,1,Song,US,0.00047052
7/21/2020,2020-05,spotify,John King Cave,In Harlem,QZDA82018399,2,Song,US,0.003085
7/21/2020,2020-05,spotify,John King Cave,In Harlem,QZDA82018399,41,Song,US,0.22398602
7/21/2020,2020-05,spotify,John King Cave,In Harlem,QZDA82018399,17,Song,US,0.049591
7/21/2020,2020-05,spotify,John King Cave,In Harlem,QZDA82018399,9,Song,US,0.019975
7/21/2020,2020-05,spotify,John King Cave,In Harlem,QZDA82018399,1,Song,US,0.001604
7/22/2020,2020-05,spotify,John King Cave,In Harlem,QZDA82018399,2,Song,NL,0.0113599
8/27/2020,2020-05,youtube,John King Cave,In Harlem,QZDA82018399,12,Song,US,0.035488
11/26/2020,2020-06,amazon unlimited,John King Cave,In Harlem,QZDA82018399,1,Song,DE,0.0019976
11/26/2020,2020-06,amazon unlimited,John King Cave,In Harlem,QZDA82018399,1,Song,GB,0.01852775
7/25/2020,2020-06,applemusic,John King Cave,In Harlem,QZDA82018399,4,Song,US,0.0184097
7/24/2020,2020-06,itunesmatch,John King Cave,In Harlem,QZDA82018399,1,Song,US,0.00044682
8/25/2020,2020-06,spotify,John King Cave,In Harlem,QZDA82018399,12,Song,US,0.05149901
9/25/2020,2020-06,youtube,John King Cave,In Harlem,QZDA82018399,5,Song,US,0.016156
9/3/2020,2020-07,applemusic,John King Cave,In Harlem,QZDA82018399,15,Song,US,0.07003228
9/3/2020,2020-07,applemusic,John King Cave,In Harlem,QZDA82018399,1,Song,US,0.00466882
9/2/2020,2020-07,itunesmatch,John King Cave,In Harlem,QZDA82018399,2,Song,US,0.00108531
9/26/2020,2020-07,spotify,John King Cave,In Harlem,QZDA82018399,1,Song,NL,0.00292066
9/27/2020,2020-07,spotify,John King Cave,In Harlem,QZDA82018399,1,Song,US,0.001964
9/27/2020,2020-07,spotify,John King Cave,In Harlem,QZDA82018399,2,Song,US,0.005686
9/27/2020,2020-07,spotify,John King Cave,In Harlem,QZDA82018399,2,Song,US,0.010777
9/27/2020,2020-07,spotify,John King Cave,In Harlem,QZDA82018399,1,Song,US,0.001756
9/25/2020,2020-07,youtube,John King Cave,In Harlem,QZDA82018399,3,Song,US,0.009387
9/25/2020,2020-07,youtube,John King Cave,In Harlem,QZDA82018399,1,Song,GR,0.000733
12/16/2020,2020-08,amazon unlimited,John King Cave,In Harlem,QZDA82018399,1,Song,DE,0.00197691
9/28/2020,2020-08,applemusic,John King Cave,In Harlem,QZDA82018399,4,Song,US,0.01857952
10/24/2020,2020-08,spotify,John King Cave,In Harlem,QZDA82018399,14,Song,US,0.04883795
10/23/2020,2020-09,applemusic,John King Cave,In Harlem,QZDA82018399,2,Song,US,0.00941563
11/27/2020,2020-09,spotify,John King Cave,In Harlem,QZDA82018399,7,Song,US,0.02124898
11/28/2020,2020-10,applemusic,John King Cave,In Harlem,QZDA82018399,2,Song,US,0.00992201
12/25/2020,2020-10,spotify,John King Cave,In Harlem,QZDA82018399,3,Song,US,0.01398
11/28/2020,2020-10,youtube,John King Cave,In Harlem,QZDA82018399,5,Song,US,0.028785
12/26/2020,2020-11,applemusic,John King Cave,In Harlem,QZDA82018399,4,Song,US,0.02537806
1/23/2021,2020-11,spotify,John King Cave,In Harlem,QZDA82018399,4,Song,US,0.02230998
1/9/2021,2020-11,youtube red,John King Cave,In Harlem,QZDA82018399,1,Song,US,0.006629
1/27/2021,2020-12,applemusic,John King Cave,In Harlem,QZDA82018399,3,Song,US,0.01266084
2/7/2021,2020-12,youtube,John King Cave,In Harlem,QZDA82018399,2,Song,CZ,0.001633
6/2/2020,2020-04,applemusic,John King Cave,Junebug,QZDA72097782,4,Song,US,0.01225201
6/2/2020,2020-04,applemusic,John King Cave,Junebug,QZDA72097782,7,Song,US,0.03562304
6/2/2020,2020-04,applemusic,John King Cave,Junebug,QZDA72097782,2,Song,US,0.01937602
6/2/2020,2020-04,applemusic,John King Cave,Junebug,QZDA72097782,1,Song,US,0.003888
2/16/2021,2020-04,itunes,John King Cave,Junebug,QZDA72097782,1,Song,US,0.69958196
6/20/2020,2020-04,spotify,John King Cave,Junebug,QZDA72097782,8,Song,US,0.018215
6/20/2020,2020-04,spotify,John King Cave,Junebug,QZDA72097782,5,Song,US,0.015122
6/20/2020,2020-04,spotify,John King Cave,Junebug,QZDA72097782,1,Song,US,0.001346
6/20/2020,2020-04,spotify,John King Cave,Junebug,QZDA72097782,1,Song,FR,0.00584266
6/20/2020,2020-04,spotify,John King Cave,Junebug,QZDA72097782,1,Song,SE,0.00527893
6/20/2020,2020-04,spotify,John King Cave,Junebug,QZDA72097782,1,Song,ES,0.00008819
6/20/2020,2020-04,spotify,John King Cave,Junebug,QZDA72097782,3,Song,NL,0.01681912
8/1/2020,2020-04,youtube,John King Cave,Junebug,QZDA72097782,4,Song,US,0.05264298
9/19/2020,2020-05,amazon unlimited,John King Cave,Junebug,QZDA72097782,2,Song,US,0.026693
6/27/2020,2020-05,applemusic,John King Cave,Junebug,QZDA72097782,1,Song,US,0.00321497
6/27/2020,2020-05,applemusic,John King Cave,Junebug,QZDA72097782,1,Song,US,0.00321497
6/27/2020,2020-05,applemusic,John King Cave,Junebug,QZDA72097782,55,Song,US,0.26399776
6/27/2020,2020-05,applemusic,John King Cave,Junebug,QZDA72097782,3,Song,US,0.02524479
6/27/2020,2020-05,applemusic,John King Cave,Junebug,QZDA72097782,1,Song,US,0.00898192
6/27/2020,2020-05,applemusic,John King Cave,Junebug,QZDA72097782,3,Song,US,0.01064091
6/27/2020,2020-05,applemusic,John King Cave,Junebug,QZDA72097782,5,Song,US,0.01773485
6/26/2020,2020-05,itunes,John King Cave,Junebug,QZDA72097782,1,Song,US,0.69999405
7/21/2020,2020-05,spotify,John King Cave,Junebug,QZDA72097782,2,Song,US,0.005834
7/21/2020,2020-05,spotify,John King Cave,Junebug,QZDA72097782,71,Song,US,0.38787903
7/21/2020,2020-05,spotify,John King Cave,Junebug,QZDA72097782,12,Song,US,0.06555701
7/21/2020,2020-05,spotify,John King Cave,Junebug,QZDA72097782,25,Song,US,0.07292801
7/21/2020,2020-05,spotify,John King Cave,Junebug,QZDA72097782,1,Song,US,0.001543
7/21/2020,2020-05,spotify,John King Cave,Junebug,QZDA72097782,1,Song,US,0.001604
7/21/2020,2020-05,spotify,John King Cave,Junebug,QZDA72097782,3,Song,US,0.006658
7/21/2020,2020-05,spotify,John King Cave,Junebug,QZDA72097782,1,Song,US,0.001543
7/21/2020,2020-05,spotify,John King Cave,Junebug,QZDA72097782,13,Song,US,0.028852
7/22/2020,2020-05,spotify,John King Cave,Junebug,QZDA72097782,8,Song,NL,0.04544075
7/22/2020,2020-05,spotify,John King Cave,Junebug,QZDA72097782,1,Song,ES,0.00241419
7/22/2020,2020-05,spotify,John King Cave,Junebug,QZDA72097782,1,Song,DE,0.00252682
7/22/2020,2020-05,spotify,John King Cave,Junebug,QZDA72097782,1,Song,BE,0.00291592
7/22/2020,2020-05,spotify,John King Cave,Junebug,QZDA72097782,2,Song,NL,0.0113599
8/27/2020,2020-05,youtube,John King Cave,Junebug,QZDA72097782,3,Song,US,0.014488
8/27/2020,2020-05,youtube red,John King Cave,Junebug,QZDA72097782,1,Song,BR,0.0003432
8/27/2020,2020-05,youtube red,John King Cave,Junebug,QZDA72097782,1,Song,CA,0.001784
8/27/2020,2020-05,youtube red,John King Cave,Junebug,QZDA72097782,1,Song,MX,0.000484
8/27/2020,2020-05,youtube red,John King Cave,Junebug,QZDA72097782,2,Song,US,0.005964
7/25/2020,2020-06,applemusic,John King Cave,Junebug,QZDA72097782,2,Song,US,0.00920485
7/25/2020,2020-06,applemusic,John King Cave,Junebug,QZDA72097782,35,Song,US,0.16108487
7/25/2020,2020-06,applemusic,John King Cave,Junebug,QZDA72097782,5,Song,US,0.01691156
7/25/2020,2020-06,applemusic,John King Cave,Junebug,QZDA72097782,1,Song,US,0.00338231
7/24/2020,2020-06,itunesmatch,John King Cave,Junebug,QZDA72097782,1,Song,US,0.00044682
8/25/2020,2020-06,spotify,John King Cave,Junebug,QZDA72097782,22,Song,US,0.09952101
8/25/2020,2020-06,spotify,John King Cave,Junebug,QZDA72097782,3,Song,NL,0.01787378
9/25/2020,2020-06,youtube red,John King Cave,Junebug,QZDA72097782,1,Song,DE,0.0043952
9/25/2020,2020-06,youtube red,John King Cave,Junebug,QZDA72097782,2,Song,US,0.005548
9/3/2020,2020-07,applemusic,John King Cave,Junebug,QZDA72097782,3,Song,US,0.01400646
9/3/2020,2020-07,applemusic,John King Cave,Junebug,QZDA72097782,1,Song,US,0.00466882
9/3/2020,2020-07,applemusic,John King Cave,Junebug,QZDA72097782,20,Song,US,0.09337637
9/3/2020,2020-07,applemusic,John King Cave,Junebug,QZDA72097782,1,Song,US,0.00884986
9/3/2020,2020-07,applemusic,John King Cave,Junebug,QZDA72097782,1,Song,US,0.00340341
9/2/2020,2020-07,itunesmatch,John King Cave,Junebug,QZDA72097782,2,Song,US,0.00108531
9/26/2020,2020-07,spotify,John King Cave,Junebug,QZDA72097782,1,Song,NO,0.0067181
9/26/2020,2020-07,spotify,John King Cave,Junebug,QZDA72097782,1,Song,NL,0.0058552
9/26/2020,2020-07,spotify,John King Cave,Junebug,QZDA72097782,1,Song,NL,0.00292066
9/26/2020,2020-07,spotify,John King Cave,Junebug,QZDA72097782,3,Song,NL,0.0175656
9/26/2020,2020-07,spotify,John King Cave,Junebug,QZDA72097782,1,Song,NL,0.00292066
9/27/2020,2020-07,spotify,John King Cave,Junebug,QZDA72097782,7,Song,US,0.019902
9/27/2020,2020-07,spotify,John King Cave,Junebug,QZDA72097782,1,Song,US,0.001756
9/27/2020,2020-07,spotify,John King Cave,Junebug,QZDA72097782,9,Song,US,0.048498
9/27/2020,2020-07,spotify,John King Cave,Junebug,QZDA72097782,1,Song,US,0.002843
9/27/2020,2020-07,spotify,John King Cave,Junebug,QZDA72097782,1,Song,US,0.005389
9/27/2020,2020-07,spotify,John King Cave,Junebug,QZDA72097782,1,Song,US,0.00217
9/27/2020,2020-07,spotify,John King Cave,Junebug,QZDA72097782,1,Song,US,0.00217
9/27/2020,2020-07,spotify,John King Cave,Junebug,QZDA72097782,1,Song,US,0.001756
9/27/2020,2020-07,spotify,John King Cave,Junebug,QZDA72097782,1,Song,US,0.001964
9/25/2020,2020-07,youtube,John King Cave,Junebug,QZDA72097782,5,Song,GR,0.002609
9/25/2020,2020-07,youtube,John King Cave,Junebug,QZDA72097782,2,Song,US,0.010954
9/25/2020,2020-07,youtube red,John King Cave,Junebug,QZDA72097782,1,Song,IN,0.0003344
9/25/2020,2020-07,youtube red,John King Cave,Junebug,QZDA72097782,1,Song,US,0.0038248
12/16/2020,2020-08,amazon unlimited,John King Cave,Junebug,QZDA72097782,1,Song,US,0.01453633
9/28/2020,2020-08,applemusic,John King Cave,Junebug,QZDA72097782,17,Song,US,0.08722474
10/24/2020,2020-08,spotify,John King Cave,Junebug,QZDA72097782,3,Song,NL,0.01831691
10/24/2020,2020-08,spotify,John King Cave,Junebug,QZDA72097782,10,Song,US,0.03583196
11/8/2020,2020-08,youtube red,John King Cave,Junebug,QZDA72097782,2,Song,US,0.0183796
10/23/2020,2020-09,applemusic,John King Cave,Junebug,QZDA72097782,14,Song,US,0.06590942
11/27/2020,2020-09,spotify,John King Cave,Junebug,QZDA72097782,5,Song,NL,0.02433388
11/27/2020,2020-09,spotify,John King Cave,Junebug,QZDA72097782,10,Song,US,0.04622396
11/8/2020,2020-09,youtube red,John King Cave,Junebug,QZDA72097782,1,Song,AU,0.0020304
11/8/2020,2020-09,youtube red,John King Cave,Junebug,QZDA72097782,1,Song,US,0.0040376
11/28/2020,2020-10,applemusic,John King Cave,Junebug,QZDA72097782,4,Song,US,0.01851503
12/25/2020,2020-10,spotify,John King Cave,Junebug,QZDA72097782,1,Song,NL,0.00609575
12/25/2020,2020-10,spotify,John King Cave,Junebug,QZDA72097782,5,Song,US,0.02414
11/28/2020,2020-10,youtube red,John King Cave,Junebug,QZDA72097782,1,Song,GB,0.005036
12/26/2020,2020-11,applemusic,John King Cave,Junebug,QZDA72097782,1,Song,US,0.0048834
1/23/2021,2020-11,spotify,John King Cave,Junebug,QZDA72097782,1,Song,NL,0.00596596
1/23/2021,2020-11,spotify,John King Cave,Junebug,QZDA72097782,6,Song,US,0.02787298
1/9/2021,2020-11,youtube red,John King Cave,Junebug,QZDA72097782,1,Song,AU,0.0022584
1/9/2021,2020-11,youtube red,John King Cave,Junebug,QZDA72097782,2,Song,DE,0.0092096
1/27/2021,2020-12,applemusic,John King Cave,Junebug,QZDA72097782,22,Song,US,0.18390768
2/7/2021,2020-12,youtube,John King Cave,Junebug,QZDA72097782,2,Song,CZ,0.000743
2/7/2021,2020-12,youtube,John King Cave,Junebug,QZDA72097782,1,Song,IT,0.013277
2/7/2021,2020-12,youtube,John King Cave,Junebug,QZDA72097782,1,Song,US,0.010726
7/25/2020,2020-06,applemusic,John King Cave,Labyrinth of Faith,QZHN72092193,1,Song,US,0.00460242
8/25/2020,2020-06,spotify,John King Cave,Labyrinth of Faith,QZHN72097990,9,Song,US,0.042591
8/25/2020,2020-06,spotify,John King Cave,Labyrinth of Faith,QZHN72097990,1,Song,NL,0.00595793
9/25/2020,2020-06,youtube,John King Cave,Labyrinth of Faith,QZHN72097990,6,Song,US,0.025582
9/25/2020,2020-06,youtube,John King Cave,Labyrinth of Faith,QZHN72092193,4,Song,US,0.048752
9/3/2020,2020-07,applemusic,John King Cave,Labyrinth of Faith,QZHN72097990,3,Song,US,0.01400646
9/27/2020,2020-07,spotify,John King Cave,Labyrinth of Faith,QZHN72097990,1,Song,US,0.001756
9/27/2020,2020-07,spotify,John King Cave,Labyrinth of Faith,QZHN72097990,1,Song,US,0.005389
9/27/2020,2020-07,spotify,John King Cave,Labyrinth of Faith,QZHN72097990,3,Song,US,0.006511
9/27/2020,2020-07,spotify,John King Cave,Labyrinth of Faith,QZHN72097990,2,Song,US,0.005686
9/25/2020,2020-07,youtube,John King Cave,Labyrinth of Faith,QZHN72097990,1,Song,US,0.003267
10/24/2020,2020-08,spotify,John King Cave,Labyrinth of Faith,QZHN72097990,2,Song,US,0.00749599
11/27/2020,2020-09,spotify,John King Cave,Labyrinth of Faith,QZHN72097990,1,Song,US,0.002855
12/25/2020,2020-10,spotify,John King Cave,Labyrinth of Faith,QZHN72097990,2,Song,US,0.008298
1/23/2021,2020-11,spotify,John King Cave,Labyrinth of Faith,QZHN72097990,3,Song,US,0.01113999
2/7/2021,2020-12,youtube,John King Cave,Labyrinth of Faith,QZHN72097990,1,Song,US,0.00636
2/16/2021,2020-04,itunes,John King Cave,Looking,QZDA82018397,1,Song,US,0.69958196
9/19/2020,2020-05,amazon unlimited,John King Cave,Looking,QZDA82018397,3,Song,US,0.040039
6/27/2020,2020-05,applemusic,John King Cave,Looking,QZDA82018397,2,Song,US,0.00642995
6/27/2020,2020-05,applemusic,John King Cave,Looking,QZDA82018397,40,Song,US,0.19199837
6/27/2020,2020-05,applemusic,John King Cave,Looking,QZDA82018397,3,Song,US,0.02524479
6/27/2020,2020-05,applemusic,John King Cave,Looking,QZDA82018397,1,Song,US,0.00898192
6/27/2020,2020-05,applemusic,John King Cave,Looking,QZDA82018397,5,Song,US,0.01773485
6/26/2020,2020-05,itunes,John King Cave,Looking,QZDA82018397,1,Song,US,0.69999405
7/21/2020,2020-05,spotify,John King Cave,Looking,QZDA82018397,11,Song,US,0.024414
7/21/2020,2020-05,spotify,John King Cave,Looking,QZDA82018397,25,Song,US,0.07292801
7/21/2020,2020-05,spotify,John King Cave,Looking,QZDA82018397,2,Song,US,0.003209
7/21/2020,2020-05,spotify,John King Cave,Looking,QZDA82018397,2,Song,US,0.003085
7/21/2020,2020-05,spotify,John King Cave,Looking,QZDA82018397,48,Song,US,0.26222802
7/22/2020,2020-05,spotify,John King Cave,Looking,QZDA82018397,1,Song,BE,0.00291592
7/22/2020,2020-05,spotify,John King Cave,Looking,QZDA82018397,4,Song,NL,0.02271981
8/27/2020,2020-05,youtube,John King Cave,Looking,QZDA82018397,2,Song,US,0.021059
7/25/2020,2020-06,applemusic,John King Cave,Looking,QZDA82018397,14,Song,US,0.06443395
7/25/2020,2020-06,applemusic,John King Cave,Looking,QZDA82018397,2,Song,US,0.00676462
7/24/2020,2020-06,itunesmatch,John King Cave,Looking,QZDA82018397,1,Song,US,0.00044682
8/25/2020,2020-06,spotify,John King Cave,Looking,QZDA82018397,18,Song,US,0.08223101
9/3/2020,2020-07,applemusic,John King Cave,Looking,QZDA82018397,12,Song,US,0.05602582
9/3/2020,2020-07,applemusic,John King Cave,Looking,QZDA82018397,3,Song,US,0.01400646
9/2/2020,2020-07,itunesmatch,John King Cave,Looking,QZDA82018397,2,Song,US,0.00108531
9/26/2020,2020-07,spotify,John King Cave,Looking,QZDA82018397,1,Song,NL,0.00292066
9/26/2020,2020-07,spotify,John King Cave,Looking,QZDA82018397,6,Song,NO,0.04030511
9/27/2020,2020-07,spotify,John King Cave,Looking,QZDA82018397,1,Song,US,0.001756
9/27/2020,2020-07,spotify,John King Cave,Looking,QZDA82018397,5,Song,US,0.026943
9/27/2020,2020-07,spotify,John King Cave,Looking,QZDA82018397,1,Song,US,0.001964
9/27/2020,2020-07,spotify,John King Cave,Looking,QZDA82018397,5,Song,US,0.014215
9/28/2020,2020-08,applemusic,John King Cave,Looking,QZDA82018397,8,Song,US,0.03715904
10/24/2020,2020-08,spotify,John King Cave,Looking,QZDA82018397,2,Song,NO,0.01348268
10/24/2020,2020-08,spotify,John King Cave,Looking,QZDA82018397,1,Song,AU,0.00466246
10/24/2020,2020-08,spotify,John King Cave,Looking,QZDA82018397,17,Song,US,0.05018295
10/23/2020,2020-09,applemusic,John King Cave,Looking,QZDA82018397,5,Song,US,0.02230013
11/27/2020,2020-09,spotify,John King Cave,Looking,QZDA82018397,1,Song,RU,0.00036617
11/27/2020,2020-09,spotify,John King Cave,Looking,QZDA82018397,18,Song,US,0.06621894
11/8/2020,2020-09,youtube,John King Cave,Looking,QZDA82018397,1,Song,US,0.00311
11/28/2020,2020-10,applemusic,John King Cave,Looking,QZDA82018397,1,Song,US,0.00496101
12/25/2020,2020-10,spotify,John King Cave,Looking,QZDA82018397,1,Song,ES,0.00253154
12/25/2020,2020-10,spotify,John King Cave,Looking,QZDA82018397,11,Song,US,0.040969
12/25/2020,2020-10,spotify,John King Cave,Looking,QZDA82018397,1,Song,GB,0.00379687
12/26/2020,2020-11,applemusic,John King Cave,Looking,QZDA82018397,1,Song,US,0.0048834
1/23/2021,2020-11,spotify,John King Cave,Looking,QZDA82018397,2,Song,NO,0.01339994
1/23/2021,2020-11,spotify,John King Cave,Looking,QZDA82018397,4,Song,US,0.01335399
1/27/2021,2020-12,applemusic,John King Cave,Looking,QZDA82018397,5,Song,US,0.02746765
2/7/2021,2020-12,youtube,John King Cave,Lovey Baby,QZPLR2031046,2,Song,ES,0.004298
2/7/2021,2020-12,youtube,John King Cave,Lovey Baby,QZPLR2031046,1,Song,FR,0.000638
2/7/2021,2020-12,youtube,John King Cave,Lovey Baby,QZPLR2031046,1,Song,IT,0.001748
2/7/2021,2020-12,youtube,John King Cave,Lovey Baby,QZPLR2031046,2,Song,US,0.015394
2/7/2021,2020-12,youtube red,John King Cave,Lovey Baby,QZPLR2031046,1,Song,US,0.005767
1/27/2021,2020-12,applemusic,John King Cave,Oh My Love,QZNWX2008882,24,Song,US,0.14004223
2/7/2021,2020-12,youtube,John King Cave,Oh My Love,QZNWX2008882,4,Song,US,0.030692
2/7/2021,2020-12,youtube,John King Cave,Oh My Love,QZNWX2008882,4,Song,UY,0.001051
2/7/2021,2020-12,youtube,John King Cave,Oh My Love (Theme),QZPLR2031045,5,Song,CZ,0.003397
2/7/2021,2020-12,youtube,John King Cave,Oh My Love (Theme),QZPLR2031045,5,Song,DE,0.004346
2/7/2021,2020-12,youtube,John King Cave,Oh My Love (Theme),QZPLR2031045,7,Song,ES,0.007951
2/7/2021,2020-12,youtube,John King Cave,Oh My Love (Theme),QZPLR2031045,3,Song,FR,0.001574
2/7/2021,2020-12,youtube,John King Cave,Oh My Love (Theme),QZPLR2031045,2,Song,SE,0.006876
2/7/2021,2020-12,youtube,John King Cave,Oh My Love (Theme),QZPLR2031045,6,Song,US,0.01802
2/7/2021,2020-12,youtube,John King Cave,Oh My Love (Theme),QZPLR2031045,1,Song,CA,0.009315
2/7/2021,2020-12,youtube,John King Cave,Oh My Love (Theme),QZPLR2031045,2,Song,PL,0.002029
6/2/2020,2020-04,applemusic,John King Cave,Only a Child of Roses,QZDA72098220,2,Song,US,0.00612601
6/2/2020,2020-04,applemusic,John King Cave,Only a Child of Roses,QZDA72098220,13,Song,US,0.06615708
6/2/2020,2020-04,applemusic,John King Cave,Only a Child of Roses,QZDA72098220,1,Song,US,0.003888
8/10/2020,2020-04,deezer,John King Cave,Only a Child of Roses,QZDA72098220,1,Song,FR,0.00679725
8/10/2020,2020-04,deezer,John King Cave,Only a Child of Roses,QZDA72098220,1,Song,ZA,0.00192161
2/16/2021,2020-04,itunes,John King Cave,Only a Child of Roses,QZDA72098220,1,Song,US,0.69958196
6/20/2020,2020-04,spotify,John King Cave,Only a Child of Roses,QZDA72098220,4,Song,US,0.012098
6/20/2020,2020-04,spotify,John King Cave,Only a Child of Roses,QZDA72098220,9,Song,US,0.051547
6/20/2020,2020-04,spotify,John King Cave,Only a Child of Roses,QZDA72098220,12,Song,US,0.027323
6/20/2020,2020-04,spotify,John King Cave,Only a Child of Roses,QZDA72098220,1,Song,NL,0.005606
8/1/2020,2020-04,youtube,John King Cave,Only a Child of Roses,QZDA72098220,1,Song,US,0.00698572
9/19/2020,2020-05,amazon unlimited,John King Cave,Only a Child of Roses,QZDA72098220,1,Song,US,0.013346
6/27/2020,2020-05,applemusic,John King Cave,Only a Child of Roses,QZDA72098220,1,Song,US,0.00321497
6/27/2020,2020-05,applemusic,John King Cave,Only a Child of Roses,QZDA72098220,33,Song,US,0.15839865
6/27/2020,2020-05,applemusic,John King Cave,Only a Child of Roses,QZDA72098220,3,Song,US,0.02524479
6/27/2020,2020-05,applemusic,John King Cave,Only a Child of Roses,QZDA72098220,4,Song,US,0.01418788
6/26/2020,2020-05,itunes,John King Cave,Only a Child of Roses,QZDA72098220,1,Song,US,0.69999405
7/21/2020,2020-05,spotify,John King Cave,Only a Child of Roses,QZDA72098220,6,Song,US,0.013316
7/21/2020,2020-05,spotify,John King Cave,Only a Child of Roses,QZDA72098220,1,Song,US,0.001543
7/21/2020,2020-05,spotify,John King Cave,Only a Child of Roses,QZDA72098220,2,Song,US,0.004439
7/21/2020,2020-05,spotify,John King Cave,Only a Child of Roses,QZDA72098220,45,Song,US,0.24583902
7/21/2020,2020-05,spotify,John King Cave,Only a Child of Roses,QZDA72098220,3,Song,US,0.016389
7/21/2020,2020-05,spotify,John King Cave,Only a Child of Roses,QZDA72098220,2,Song,US,0.003085
7/21/2020,2020-05,spotify,John King Cave,Only a Child of Roses,QZDA72098220,25,Song,US,0.07292801
7/22/2020,2020-05,spotify,John King Cave,Only a Child of Roses,QZDA72098220,3,Song,NL,0.01704042
8/27/2020,2020-05,youtube,John King Cave,Only a Child of Roses,QZDA72098220,2,Song,US,0.020542
11/26/2020,2020-06,amazon unlimited,John King Cave,Only a Child of Roses,QZDA72098220,1,Song,US,0.0117417
7/25/2020,2020-06,applemusic,John King Cave,Only a Child of Roses,QZDA72098220,12,Song,US,0.0552291
7/25/2020,2020-06,applemusic,John King Cave,Only a Child of Roses,QZDA72098220,2,Song,US,0.00676462
9/18/2020,2020-06,deezer,John King Cave,Only a Child of Roses,QZDA72098220,1,Song,FR,0.00670888
7/24/2020,2020-06,itunesmatch,John King Cave,Only a Child of Roses,QZDA72098220,1,Song,US,0.00044682
8/25/2020,2020-06,spotify,John King Cave,Only a Child of Roses,QZDA72098220,19,Song,US,0.09019701
9/3/2020,2020-07,applemusic,John King Cave,Only a Child of Roses,QZDA72098220,2,Song,US,0.00933764
9/3/2020,2020-07,applemusic,John King Cave,Only a Child of Roses,QZDA72098220,13,Song,US,0.06069464
9/2/2020,2020-07,itunesmatch,John King Cave,Only a Child of Roses,QZDA72098220,2,Song,US,0.00108531
9/26/2020,2020-07,spotify,John King Cave,Only a Child of Roses,QZDA72098220,1,Song,NL,0.00292066
9/27/2020,2020-07,spotify,John King Cave,Only a Child of Roses,QZDA72098220,6,Song,US,0.032332
9/27/2020,2020-07,spotify,John King Cave,Only a Child of Roses,QZDA72098220,1,Song,US,0.002843
9/27/2020,2020-07,spotify,John King Cave,Only a Child of Roses,QZDA72098220,1,Song,US,0.001756
9/27/2020,2020-07,spotify,John King Cave,Only a Child of Roses,QZDA72098220,1,Song,US,0.001964
9/27/2020,2020-07,spotify,John King Cave,Only a Child of Roses,QZDA72098220,3,Song,US,0.008529
12/16/2020,2020-08,amazon unlimited,John King Cave,Only a Child of Roses,QZDA72098220,1,Song,US,0.01453633
9/28/2020,2020-08,applemusic,John King Cave,Only a Child of Roses,QZDA72098220,6,Song,US,0.02786928
10/24/2020,2020-08,spotify,John King Cave,Only a Child of Roses,QZDA72098220,1,Song,FR,0.0029036
10/24/2020,2020-08,spotify,John King Cave,Only a Child of Roses,QZDA72098220,6,Song,US,0.02114898
11/8/2020,2020-08,youtube,John King Cave,Only a Child of Roses,QZDA72098220,1,Song,US,0.003111
10/23/2020,2020-09,applemusic,John King Cave,Only a Child of Roses,QZDA72098220,2,Song,US,0.00941563
11/27/2020,2020-09,spotify,John King Cave,Only a Child of Roses,QZDA72098220,9,Song,US,0.03747097
11/8/2020,2020-09,youtube,John King Cave,Only a Child of Roses,QZDA72098220,1,Song,US,0.003336
11/28/2020,2020-10,applemusic,John King Cave,Only a Child of Roses,QZDA72098220,1,Song,US,0.00496101
12/7/2020,2020-10,google play all access,John King Cave,Only a Child of Roses,QZDA72098220,1,Song,MX,0.00102452
12/25/2020,2020-10,spotify,John King Cave,Only a Child of Roses,QZDA72098220,4,Song,NL,0.01159969
12/25/2020,2020-10,spotify,John King Cave,Only a Child of Roses,QZDA72098220,14,Song,US,0.044008
12/26/2020,2020-11,applemusic,John King Cave,Only a Child of Roses,QZDA72098220,1,Song,US,0.0048834
1/23/2021,2020-11,spotify,John King Cave,Only a Child of Roses,QZDA72098220,13,Song,US,0.03895197
1/27/2021,2020-12,applemusic,John King Cave,Only a Child of Roses,QZDA72098220,2,Song,US,0.00885589
2/16/2021,2020-04,itunes,John King Cave,RV Park,QZDA82018395,1,Song,US,0.69958196
9/19/2020,2020-05,amazon unlimited,John King Cave,RV Park,QZDA82018395,3,Song,US,0.040039
9/20/2020,2020-05,amazon unlimited,John King Cave,RV Park,QZDA82018395,1,Song,JP,0.00668871
6/27/2020,2020-05,applemusic,John King Cave,RV Park,QZDA82018395,2,Song,US,0.00642995
6/27/2020,2020-05,applemusic,John King Cave,RV Park,QZDA82018395,48,Song,US,0.23039804
6/27/2020,2020-05,applemusic,John King Cave,RV Park,QZDA82018395,2,Song,US,0.01682986
6/27/2020,2020-05,applemusic,John King Cave,RV Park,QZDA82018395,1,Song,US,0.00898192
6/27/2020,2020-05,applemusic,John King Cave,RV Park,QZDA82018395,4,Song,US,0.01418788
6/26/2020,2020-05,itunes,John King Cave,RV Park,QZDA82018395,1,Song,US,0.69999405
6/26/2020,2020-05,itunesmatch,John King Cave,RV Park,QZDA82018395,1,Song,US,0.00047052
7/21/2020,2020-05,spotify,John King Cave,RV Park,QZDA82018395,3,Song,US,0.004628
7/21/2020,2020-05,spotify,John King Cave,RV Park,QZDA82018395,9,Song,US,0.019975
7/21/2020,2020-05,spotify,John King Cave,RV Park,QZDA82018395,85,Song,US,0.46436204
7/21/2020,2020-05,spotify,John King Cave,RV Park,QZDA82018395,32,Song,US,0.09334801
7/21/2020,2020-05,spotify,John King Cave,RV Park,QZDA82018395,1,Song,US,0.001604
7/22/2020,2020-05,spotify,John King Cave,RV Park,QZDA82018395,5,Song,NL,0.02840033
7/22/2020,2020-05,spotify,John King Cave,RV Park,QZDA82018395,1,Song,BE,0.00291592
8/27/2020,2020-05,youtube,John King Cave,RV Park,QZDA82018395,3,Song,US,0.107331
7/25/2020,2020-06,applemusic,John King Cave,RV Park,QZDA82018395,32,Song,US,0.1472776
7/25/2020,2020-06,applemusic,John King Cave,RV Park,QZDA82018395,2,Song,US,0.00676462
7/24/2020,2020-06,itunesmatch,John King Cave,RV Park,QZDA82018395,1,Song,US,0.00044682
8/25/2020,2020-06,spotify,John King Cave,RV Park,QZDA82018395,29,Song,US,0.14198602
9/2/2020,2020-07,applemusic,John King Cave,RV Park,QZDA82018395,1,Song,CA,0.00691297
9/3/2020,2020-07,applemusic,John King Cave,RV Park,QZDA82018395,1,Song,US,0.00466882
9/3/2020,2020-07,applemusic,John King Cave,RV Park,QZDA82018395,15,Song,US,0.07003228
9/2/2020,2020-07,itunesmatch,John King Cave,RV Park,QZDA82018395,2,Song,US,0.00108531
9/26/2020,2020-07,spotify,John King Cave,RV Park,QZDA82018395,1,Song,NL,0.00292066
9/27/2020,2020-07,spotify,John King Cave,RV Park,QZDA82018395,9,Song,US,0.025588
9/27/2020,2020-07,spotify,John King Cave,RV Park,QZDA82018395,1,Song,US,0.00217
9/27/2020,2020-07,spotify,John King Cave,RV Park,QZDA82018395,1,Song,US,0.001964
9/27/2020,2020-07,spotify,John King Cave,RV Park,QZDA82018395,17,Song,US,0.09160701
9/28/2020,2020-08,applemusic,John King Cave,RV Park,QZDA82018395,12,Song,US,0.05573855
10/24/2020,2020-08,spotify,John King Cave,RV Park,QZDA82018395,9,Song,US,0.03459597
10/23/2020,2020-09,applemusic,John King Cave,RV Park,QZDA82018395,10,Song,US,0.04707816
11/27/2020,2020-09,spotify,John King Cave,RV Park,QZDA82018395,8,Song,US,0.04120996
11/28/2020,2020-10,applemusic,John King Cave,RV Park,QZDA82018395,2,Song,US,0.00992201
12/25/2020,2020-10,spotify,John King Cave,RV Park,QZDA82018395,4,Song,US,0.019283
12/26/2020,2020-11,applemusic,John King Cave,RV Park,QZDA82018395,1,Song,US,0.0048834
1/23/2021,2020-11,spotify,John King Cave,RV Park,QZDA82018395,2,Song,NL,0.00562903
1/23/2021,2020-11,spotify,John King Cave,RV Park,QZDA82018395,5,Song,US,0.02509098
1/27/2021,2020-12,applemusic,John King Cave,RV Park,QZDA82018395,5,Song,US,0.02746765
9/19/2020,2020-05,amazon unlimited,John King Cave,Shanty Town,QZES82008335,1,Song,US,0.013346
7/25/2020,2020-06,applemusic,John King Cave,She Could Be Mine (feat. Split Philthy),QZHN62061967,6,Song,US,0.01380727
7/25/2020,2020-06,applemusic,John King Cave,She Could Be Mine (feat. Split Philthy),QZHN62061967,29,Song,US,0.06673516
7/25/2020,2020-06,applemusic,John King Cave,She Could Be Mine (feat. Split Philthy),QZHN62061967,1,Song,US,0.00169116
8/25/2020,2020-06,spotify,John King Cave,She Could Be Mine (feat. Split Philthy),QZHN62061967,44,Song,US,0.08338251
8/25/2020,2020-06,spotify,John King Cave,She Could Be Mine (feat. Split Philthy),QZHN62061967,1,Song,NL,0.00297896
8/25/2020,2020-06,spotify,John King Cave,She Could Be Mine (feat. Split Philthy),QZHN62061967,4,Song,MX,0.00195913
8/25/2020,2020-06,spotify,John King Cave,She Could Be Mine (feat. Split Philthy),QZHN62061967,1,Song,BR,0.00006289
8/25/2020,2020-06,spotify,John King Cave,She Could Be Mine (feat. Split Philthy),QZHN62061967,2,Song,ID,0.00081469
9/25/2020,2020-06,youtube,John King Cave,She Could Be Mine (feat. Split Philthy),QZHN62061967,3,Song,US,0.003778
9/3/2020,2020-07,applemusic,John King Cave,She Could Be Mine (feat. Split Philthy),QZHN62061967,2,Song,US,0.00466882
9/3/2020,2020-07,applemusic,John King Cave,She Could Be Mine (feat. Split Philthy),QZHN62061967,26,Song,US,0.06069464
9/27/2020,2020-07,spotify,John King Cave,She Could Be Mine (feat. Split Philthy),QZHN62061967,3,Song,US,0.0032555
9/27/2020,2020-07,spotify,John King Cave,She Could Be Mine (feat. Split Philthy),QZHN62061967,5,Song,US,0.0071075
9/27/2020,2020-07,spotify,John King Cave,She Could Be Mine (feat. Split Philthy),QZHN62061967,7,Song,US,0.0188605
9/25/2020,2020-07,youtube,John King Cave,She Could Be Mine (feat. Split Philthy),QZHN62061967,2,Song,US,0.004542
9/28/2020,2020-08,applemusic,John King Cave,She Could Be Mine (feat. Split Philthy),QZHN62061967,4,Song,US,0.00928976
10/24/2020,2020-08,spotify,John King Cave,She Could Be Mine (feat. Split Philthy),QZHN62061967,12,Song,US,0.02120348
11/8/2020,2020-08,youtube,John King Cave,She Could Be Mine (feat. Split Philthy),QZHN62061967,1,Song,GR,0.001412
11/8/2020,2020-08,youtube red,John King Cave,She Could Be Mine (feat. Split Philthy),QZHN62061967,1,Song,US,0.003916
10/23/2020,2020-09,applemusic,John King Cave,She Could Be Mine (feat. Split Philthy),QZHN62061967,1,Song,US,0.00235391
2/1/2021,2020-09,deezer,John King Cave,She Could Be Mine (feat. Split Philthy),QZHN62061967,1,Song,GB,0.00525632
11/27/2020,2020-09,spotify,John King Cave,She Could Be Mine (feat. Split Philthy),QZHN62061967,5,Song,US,0.00839749
11/28/2020,2020-10,applemusic,John King Cave,She Could Be Mine (feat. Split Philthy),QZHN62061967,3,Song,US,0.00744151
12/25/2020,2020-10,spotify,John King Cave,She Could Be Mine (feat. Split Philthy),QZHN62061967,15,Song,US,0.0365285
12/25/2020,2020-10,spotify,John King Cave,She Could Be Mine (feat. Split Philthy),QZHN62061967,1,Song,GB,0.00189844
11/28/2020,2020-10,youtube,John King Cave,She Could Be Mine (feat. Split Philthy),QZHN62061967,1,Song,GR,0.0001895
11/28/2020,2020-10,youtube,John King Cave,She Could Be Mine (feat. Split Philthy),QZHN62061967,2,Song,US,0.002429
12/26/2020,2020-11,applemusic,John King Cave,She Could Be Mine (feat. Split Philthy),QZHN62061967,4,Song,US,0.00976679
1/23/2021,2020-11,spotify,John King Cave,She Could Be Mine (feat. Split Philthy),QZHN62061967,13,Song,US,0.02953348
1/27/2021,2020-12,applemusic,John King Cave,She Could Be Mine (feat. Split Philthy),QZHN62061967,4,Song,US,0.01245434
8/25/2020,2020-06,spotify,John King Cave,She's Coming Down the Line,QZHN92000984,1,Song,US,0.001962
9/25/2020,2020-06,youtube,John King Cave,She's Coming Down the Line,QZHN92000984,2,Song,US,0.015016
9/3/2020,2020-07,applemusic,John King Cave,She's Coming Down the Line,QZHN92000984,7,Song,US,0.03268173
9/26/2020,2020-07,spotify,John King Cave,She's Coming Down the Line,QZHN92000984,2,Song,NL,0.0117104
9/27/2020,2020-07,spotify,John King Cave,She's Coming Down the Line,QZHN92000984,1,Song,US,0.001756
9/27/2020,2020-07,spotify,John King Cave,She's Coming Down the Line,QZHN92000984,4,Song,US,0.008682
9/27/2020,2020-07,spotify,John King Cave,She's Coming Down the Line,QZHN92000984,3,Song,US,0.008529
10/24/2020,2020-08,spotify,John King Cave,She's Coming Down the Line,QZHN92000984,6,Song,US,0.01930398
10/24/2020,2020-08,spotify,John King Cave,She's Coming Down the Line,QZHN92000984,1,Song,GB,0.00273767
11/27/2020,2020-09,spotify,John King Cave,She's Coming Down the Line,QZHN92000984,6,Song,US,0.02035198
12/25/2020,2020-10,spotify,John King Cave,She's Coming Down the Line,QZHN92000984,3,Song,US,0.013155
1/23/2021,2020-11,spotify,John King Cave,She's Coming Down the Line,QZHN92000984,2,Song,US,0.01115499
1/27/2021,2020-12,applemusic,John King Cave,She's Coming Down the Line,QZHN92000984,2,Song,US,0.01010187
11/26/2020,2020-06,amazon unlimited,John King Cave,Sing a Song,QZHN52067897,1,Song,US,0.00152006
7/24/2020,2020-06,applemusic,John King Cave,Sing a Song,QZHN52067897,1,Song,JP,0.00750136
9/18/2020,2020-06,deezer,John King Cave,Sing a Song,QZHN52067897,1,Song,FR,0.00670888
8/24/2020,2020-06,spotify,John King Cave,Sing a Song,QZHN52067897,7,Song,GB,0.04320765
8/25/2020,2020-06,spotify,John King Cave,Sing a Song,QZHN52067897,22,Song,US,0.08745101
8/25/2020,2020-06,spotify,John King Cave,Sing a Song,QZHN52067897,7,Song,NL,0.01894357
8/25/2020,2020-06,spotify,John King Cave,Sing a Song,QZHN52067897,1,Song,LT,0.0018163
8/25/2020,2020-06,spotify,John King Cave,Sing a Song,QZHN52067897,1,Song,TR,0.00080646
8/25/2020,2020-06,spotify,John King Cave,Sing a Song,QZHN52067897,1,Song,AR,0.00182923
8/25/2020,2020-06,spotify,John King Cave,Sing a Song,QZHN52067897,2,Song,BR,0.00394295
8/25/2020,2020-06,spotify,John King Cave,Sing a Song,QZHN52067897,1,Song,DK,0.00372429
8/25/2020,2020-06,spotify,John King Cave,Sing a Song,QZHN52067897,1,Song,JP,0.00579217
8/25/2020,2020-06,spotify,John King Cave,Sing a Song,QZHN52067897,4,Song,MX,0.00391826
8/25/2020,2020-06,spotify,John King Cave,Sing a Song,QZHN52067897,1,Song,FR,0.00556528
9/25/2020,2020-06,youtube,John King Cave,Sing a Song,QZHN52067897,2,Song,US,0.003023
9/25/2020,2020-06,youtube,John King Cave,Sing a Song,QZHN52067897,2,Song,GR,0.005207
9/26/2020,2020-07,spotify,John King Cave,Sing a Song,QZHN52067897,1,Song,NL,0.00063965
9/26/2020,2020-07,spotify,John King Cave,Sing a Song,QZHN52067897,2,Song,CA,0.00193978
9/26/2020,2020-07,spotify,John King Cave,Sing a Song,QZHN52067897,1,Song,PH,0.00130244
9/26/2020,2020-07,spotify,John King Cave,Sing a Song,QZHN52067897,1,Song,NL,0.0058552
9/26/2020,2020-07,spotify,John King Cave,Sing a Song,QZHN52067897,1,Song,FR,0.00283044
9/27/2020,2020-07,spotify,John King Cave,Sing a Song,QZHN52067897,1,Song,US,0.00217
9/27/2020,2020-07,spotify,John King Cave,Sing a Song,QZHN52067897,4,Song,US,0.011372
9/27/2020,2020-07,spotify,John King Cave,Sing a Song,QZHN52067897,1,Song,GB,0.00371972
9/25/2020,2020-07,youtube,John King Cave,Sing a Song,QZHN52067897,1,Song,GR,0.000826
12/16/2020,2020-08,amazon unlimited,John King Cave,Sing a Song,QZHN52067897,1,Song,GB,0.01865415
10/24/2020,2020-08,spotify,John King Cave,Sing a Song,QZHN52067897,5,Song,US,0.01580998
11/27/2020,2020-09,spotify,John King Cave,Sing a Song,QZHN52067897,1,Song,GB,0.00384885
11/27/2020,2020-09,spotify,John King Cave,Sing a Song,QZHN52067897,3,Song,US,0.01113899
11/28/2020,2020-10,itunes,John King Cave,Sing a Song,QZHN52067897,1,Song,US,0.70000097
12/25/2020,2020-10,spotify,John King Cave,Sing a Song,QZHN52067897,1,Song,ZA,0.00024518
12/25/2020,2020-10,spotify,John King Cave,Sing a Song,QZHN52067897,1,Song,ES,0.00030195
12/25/2020,2020-10,spotify,John King Cave,Sing a Song,QZHN52067897,13,Song,US,0.048158
11/28/2020,2020-10,youtube,John King Cave,Sing a Song,QZHN52067897,1,Song,GR,0.000949
1/23/2021,2020-11,spotify,John King Cave,Sing a Song,QZHN52067897,1,Song,IE,0.00355214
1/23/2021,2020-11,spotify,John King Cave,Sing a Song,QZHN52067897,2,Song,NL,0.00562903
1/23/2021,2020-11,spotify,John King Cave,Sing a Song,QZHN52067897,5,Song,US,0.01670299
1/27/2021,2020-12,applemusic,John King Cave,Sing a Song,QZHN52067897,1,Song,US,0.00505094
6/2/2020,2020-04,applemusic,John King Cave,Solo Un Niño De Rosas,QZDA72098221,1,Song,US,0.003063
6/2/2020,2020-04,applemusic,John King Cave,Solo Un Niño De Rosas,QZDA72098221,14,Song,US,0.07124608
6/2/2020,2020-04,applemusic,John King Cave,Solo Un Niño De Rosas,QZDA72098221,1,Song,US,0.003888
6/20/2020,2020-04,spotify,John King Cave,Solo Un Niño De Rosas,QZDA72098221,3,Song,US,0.009073
6/20/2020,2020-04,spotify,John King Cave,Solo Un Niño De Rosas,QZDA72098221,5,Song,US,0.011384
6/20/2020,2020-04,spotify,John King Cave,Solo Un Niño De Rosas,QZDA72098221,6,Song,US,0.034365
6/20/2020,2020-04,spotify,John King Cave,Solo Un Niño De Rosas,QZDA72098221,1,Song,ES,0.00251165
8/1/2020,2020-04,youtube,John King Cave,Solo Un Niño De Rosas,QZDA72098221,1,Song,CO,0.0007942
7/21/2020,2020-05,spotify,John King Cave,Solo Un Niño De Rosas,QZDA72098221,1,Song,US,0.005463
7/21/2020,2020-05,spotify,John King Cave,Solo Un Niño De Rosas,QZDA72098221,1,Song,US,0.001543
7/21/2020,2020-05,spotify,John King Cave,Solo Un Niño De Rosas,QZDA72098221,2,Song,US,0.004439
8/25/2020,2020-06,spotify,John King Cave,Solo Un Niño De Rosas,QZDA72098221,1,Song,US,0.005432
8/25/2020,2020-06,spotify,John King Cave,Solo Un Niño De Rosas,QZDA72098221,1,Song,NL,0.00293547
9/27/2020,2020-07,spotify,John King Cave,Solo Un Niño De Rosas,QZDA72098221,1,Song,US,0.002843
10/24/2020,2020-08,spotify,John King Cave,Solo Un Niño De Rosas,QZDA72098221,1,Song,FR,0.0029036
11/8/2020,2020-08,youtube,John King Cave,Solo Un Niño De Rosas,QZDA72098221,1,Song,GR,0.004345
11/28/2020,2020-10,youtube,John King Cave,Solo Un Niño De Rosas,QZDA72098221,1,Song,JP,0.001802
1/23/2021,2020-11,spotify,John King Cave,Solo Un Niño De Rosas,QZDA72098221,1,Song,NL,0.00281452
1/23/2021,2020-11,spotify,John King Cave,Solo Un Niño De Rosas,QZDA72098221,1,Song,US,0.002781
2/7/2021,2020-12,youtube,John King Cave,True Love,QZPLR2031048,2,Song,ES,0.003554
2/7/2021,2020-12,youtube,John King Cave,True Love,QZPLR2031048,2,Song,IT,0.00267
2/7/2021,2020-12,youtube,John King Cave,When Winter Comes,QZPLR2031052,2,Song,CA,0.010119
2/7/2021,2020-12,youtube,John King Cave,When Winter Comes,QZPLR2031052,1,Song,US,0.012784
1/26/2021,2020-12,applemusic,John King Cave,Young Love,QZNWY2099090,1,Song,CA,0.00600758
1/27/2021,2020-12,applemusic,John King Cave,Young Love,QZNWY2099090,7,Song,US,0.04006149
2/7/2021,2020-12,youtube,John King Cave,Young Love,QZNWY2099090,1,Song,US,0.007615
2/7/2021,2020-12,youtube,John King Cave,Young Love,QZNWY2099090,1,Song,UA,0.000618
